Edad simple;Sexo;Provincias;Periodo;Total
Todas las edades;Total;02 Albacete;1 de enero de 2021;386.726
Todas las edades;Total;02 Albacete;1 de enero de 2020;387.838
Todas las edades;Total;02 Albacete;1 de enero de 2019;387.818
Todas las edades;Total;02 Albacete;1 de enero de 2018;388.948
Todas las edades;Total;02 Albacete;1 de enero de 2017;390.225
Todas las edades;Total;02 Albacete;1 de enero de 2016;391.865
Todas las edades;Total;02 Albacete;1 de enero de 2015;394.012
Todas las edades;Total;02 Albacete;1 de enero de 2014;396.017
Todas las edades;Total;02 Albacete;1 de enero de 2013;399.093
Todas las edades;Total;02 Albacete;1 de enero de 2012;401.590
Todas las edades;Total;03 Alicante/Alacant;1 de enero de 2021;1.887.036
Todas las edades;Total;03 Alicante/Alacant;1 de enero de 2020;1.877.627
Todas las edades;Total;03 Alicante/Alacant;1 de enero de 2019;1.855.384
Todas las edades;Total;03 Alicante/Alacant;1 de enero de 2018;1.839.319
Todas las edades;Total;03 Alicante/Alacant;1 de enero de 2017;1.836.715
Todas las edades;Total;03 Alicante/Alacant;1 de enero de 2016;1.837.873
Todas las edades;Total;03 Alicante/Alacant;1 de enero de 2015;1.838.578
Todas las edades;Total;03 Alicante/Alacant;1 de enero de 2014;1.848.236
Todas las edades;Total;03 Alicante/Alacant;1 de enero de 2013;1.852.733
Todas las edades;Total;03 Alicante/Alacant;1 de enero de 2012;1.853.209
Todas las edades;Total;04 Almería;1 de enero de 2021;730.430
Todas las edades;Total;04 Almería;1 de enero de 2020;724.003
Todas las edades;Total;04 Almería;1 de enero de 2019;714.123
Todas las edades;Total;04 Almería;1 de enero de 2018;707.319
Todas las edades;Total;04 Almería;1 de enero de 2017;704.871
Todas las edades;Total;04 Almería;1 de enero de 2016;700.055
Todas las edades;Total;04 Almería;1 de enero de 2015;694.051
Todas las edades;Total;04 Almería;1 de enero de 2014;690.750
Todas las edades;Total;04 Almería;1 de enero de 2013;692.434
Todas las edades;Total;04 Almería;1 de enero de 2012;689.320
Todas las edades;Total;01 Araba/Álava;1 de enero de 2021;333.485
Todas las edades;Total;01 Araba/Álava;1 de enero de 2020;332.874
Todas las edades;Total;01 Araba/Álava;1 de enero de 2019;330.104
Todas las edades;Total;01 Araba/Álava;1 de enero de 2018;327.763
Todas las edades;Total;01 Araba/Álava;1 de enero de 2017;325.250
Todas las edades;Total;01 Araba/Álava;1 de enero de 2016;322.974
Todas las edades;Total;01 Araba/Álava;1 de enero de 2015;321.541
Todas las edades;Total;01 Araba/Álava;1 de enero de 2014;320.451
Todas las edades;Total;01 Araba/Álava;1 de enero de 2013;320.199
Todas las edades;Total;01 Araba/Álava;1 de enero de 2012;320.566
Todas las edades;Total;33 Asturias;1 de enero de 2021;1.012.117
Todas las edades;Total;33 Asturias;1 de enero de 2020;1.018.053
Todas las edades;Total;33 Asturias;1 de enero de 2019;1.021.469
Todas las edades;Total;33 Asturias;1 de enero de 2018;1.027.091
Todas las edades;Total;33 Asturias;1 de enero de 2017;1.033.550
Todas las edades;Total;33 Asturias;1 de enero de 2016;1.040.407
Todas las edades;Total;33 Asturias;1 de enero de 2015;1.049.328
Todas las edades;Total;33 Asturias;1 de enero de 2014;1.058.560
Todas las edades;Total;33 Asturias;1 de enero de 2013;1.067.425
Todas las edades;Total;33 Asturias;1 de enero de 2012;1.074.304
Todas las edades;Total;05 Ávila;1 de enero de 2021;158.898
Todas las edades;Total;05 Ávila;1 de enero de 2020;158.819
Todas las edades;Total;05 Ávila;1 de enero de 2019;159.237
Todas las edades;Total;05 Ávila;1 de enero de 2018;160.104
Todas las edades;Total;05 Ávila;1 de enero de 2017;161.782
Todas las edades;Total;05 Ávila;1 de enero de 2016;163.669
Todas las edades;Total;05 Ávila;1 de enero de 2015;165.694
Todas las edades;Total;05 Ávila;1 de enero de 2014;167.265
Todas las edades;Total;05 Ávila;1 de enero de 2013;169.373
Todas las edades;Total;05 Ávila;1 de enero de 2012;171.365
Todas las edades;Total;06 Badajoz;1 de enero de 2021;671.092
Todas las edades;Total;06 Badajoz;1 de enero de 2020;672.045
Todas las edades;Total;06 Badajoz;1 de enero de 2019;673.384
Todas las edades;Total;06 Badajoz;1 de enero de 2018;675.742
Todas las edades;Total;06 Badajoz;1 de enero de 2017;679.042
Todas las edades;Total;06 Badajoz;1 de enero de 2016;682.970
Todas las edades;Total;06 Badajoz;1 de enero de 2015;686.250
Todas las edades;Total;06 Badajoz;1 de enero de 2014;688.697
Todas las edades;Total;06 Badajoz;1 de enero de 2013;690.889
Todas las edades;Total;06 Badajoz;1 de enero de 2012;691.842
Todas las edades;Total;07 Balears, Illes;1 de enero de 2021;1.183.415
Todas las edades;Total;07 Balears, Illes;1 de enero de 2020;1.176.816
Todas las edades;Total;07 Balears, Illes;1 de enero de 2019;1.157.928
Todas las edades;Total;07 Balears, Illes;1 de enero de 2018;1.141.233
Todas las edades;Total;07 Balears, Illes;1 de enero de 2017;1.128.492
Todas las edades;Total;07 Balears, Illes;1 de enero de 2016;1.117.353
Todas las edades;Total;07 Balears, Illes;1 de enero de 2015;1.111.002
Todas las edades;Total;07 Balears, Illes;1 de enero de 2014;1.106.617
Todas las edades;Total;07 Balears, Illes;1 de enero de 2013;1.105.131
Todas las edades;Total;07 Balears, Illes;1 de enero de 2012;1.100.715
Todas las edades;Total;08 Barcelona;1 de enero de 2021;5.702.262
Todas las edades;Total;08 Barcelona;1 de enero de 2020;5.690.371
Todas las edades;Total;08 Barcelona;1 de enero de 2019;5.622.704
Todas las edades;Total;08 Barcelona;1 de enero de 2018;5.556.273
Todas las edades;Total;08 Barcelona;1 de enero de 2017;5.507.412
Todas las edades;Total;08 Barcelona;1 de enero de 2016;5.472.926
Todas las edades;Total;08 Barcelona;1 de enero de 2015;5.453.143
Todas las edades;Total;08 Barcelona;1 de enero de 2014;5.459.762
Todas las edades;Total;08 Barcelona;1 de enero de 2013;5.500.080
Todas las edades;Total;08 Barcelona;1 de enero de 2012;5.518.276
Todas las edades;Total;48 Bizkaia;1 de enero de 2021;1.153.635
Todas las edades;Total;48 Bizkaia;1 de enero de 2020;1.154.696
Todas las edades;Total;48 Bizkaia;1 de enero de 2019;1.147.589
Todas las edades;Total;48 Bizkaia;1 de enero de 2018;1.143.742
Todas las edades;Total;48 Bizkaia;1 de enero de 2017;1.141.564
Todas las edades;Total;48 Bizkaia;1 de enero de 2016;1.140.191
Todas las edades;Total;48 Bizkaia;1 de enero de 2015;1.141.400
Todas las edades;Total;48 Bizkaia;1 de enero de 2014;1.143.121
Todas las edades;Total;48 Bizkaia;1 de enero de 2013;1.150.032
Todas las edades;Total;48 Bizkaia;1 de enero de 2012;1.155.709
Todas las edades;Total;09 Burgos;1 de enero de 2021;356.042
Todas las edades;Total;09 Burgos;1 de enero de 2020;357.121
Todas las edades;Total;09 Burgos;1 de enero de 2019;356.607
Todas las edades;Total;09 Burgos;1 de enero de 2018;357.165
Todas las edades;Total;09 Burgos;1 de enero de 2017;358.416
Todas las edades;Total;09 Burgos;1 de enero de 2016;360.572
Todas las edades;Total;09 Burgos;1 de enero de 2015;363.328
Todas las edades;Total;09 Burgos;1 de enero de 2014;365.542
Todas las edades;Total;09 Burgos;1 de enero de 2013;368.784
Todas las edades;Total;09 Burgos;1 de enero de 2012;372.190
Todas las edades;Total;10 Cáceres;1 de enero de 2021;390.544
Todas las edades;Total;10 Cáceres;1 de enero de 2020;392.925
Todas las edades;Total;10 Cáceres;1 de enero de 2019;394.541
Todas las edades;Total;10 Cáceres;1 de enero de 2018;396.979
Todas las edades;Total;10 Cáceres;1 de enero de 2017;400.066
Todas las edades;Total;10 Cáceres;1 de enero de 2016;403.183
Todas las edades;Total;10 Cáceres;1 de enero de 2015;405.967
Todas las edades;Total;10 Cáceres;1 de enero de 2014;408.011
Todas las edades;Total;10 Cáceres;1 de enero de 2013;410.135
Todas las edades;Total;10 Cáceres;1 de enero de 2012;412.501
Todas las edades;Total;11 Cádiz;1 de enero de 2021;1.249.873
Todas las edades;Total;11 Cádiz;1 de enero de 2020;1.247.160
Todas las edades;Total;11 Cádiz;1 de enero de 2019;1.243.186
Todas las edades;Total;11 Cádiz;1 de enero de 2018;1.243.737
Todas las edades;Total;11 Cádiz;1 de enero de 2017;1.244.090
Todas las edades;Total;11 Cádiz;1 de enero de 2016;1.244.475
Todas las edades;Total;11 Cádiz;1 de enero de 2015;1.245.567
Todas las edades;Total;11 Cádiz;1 de enero de 2014;1.245.504
Todas las edades;Total;11 Cádiz;1 de enero de 2013;1.246.384
Todas las edades;Total;11 Cádiz;1 de enero de 2012;1.245.363
Todas las edades;Total;39 Cantabria;1 de enero de 2021;584.708
Todas las edades;Total;39 Cantabria;1 de enero de 2020;583.011
Todas las edades;Total;39 Cantabria;1 de enero de 2019;581.989
Todas las edades;Total;39 Cantabria;1 de enero de 2018;581.533
Todas las edades;Total;39 Cantabria;1 de enero de 2017;581.421
Todas las edades;Total;39 Cantabria;1 de enero de 2016;582.494
Todas las edades;Total;39 Cantabria;1 de enero de 2015;585.184
Todas las edades;Total;39 Cantabria;1 de enero de 2014;587.491
Todas las edades;Total;39 Cantabria;1 de enero de 2013;589.789
Todas las edades;Total;39 Cantabria;1 de enero de 2012;592.387
Todas las edades;Total;12 Castellón/Castelló;1 de enero de 2021;587.632
Todas las edades;Total;12 Castellón/Castelló;1 de enero de 2020;584.201
Todas las edades;Total;12 Castellón/Castelló;1 de enero de 2019;579.592
Todas las edades;Total;12 Castellón/Castelló;1 de enero de 2018;576.342
Todas las edades;Total;12 Castellón/Castelló;1 de enero de 2017;575.433
Todas las edades;Total;12 Castellón/Castelló;1 de enero de 2016;575.546
Todas las edades;Total;12 Castellón/Castelló;1 de enero de 2015;577.738
Todas las edades;Total;12 Castellón/Castelló;1 de enero de 2014;580.349
Todas las edades;Total;12 Castellón/Castelló;1 de enero de 2013;586.696
Todas las edades;Total;12 Castellón/Castelló;1 de enero de 2012;593.924
Todas las edades;Total;13 Ciudad Real;1 de enero de 2021;492.900
Todas las edades;Total;13 Ciudad Real;1 de enero de 2020;494.817
Todas las edades;Total;13 Ciudad Real;1 de enero de 2019;495.686
Todas las edades;Total;13 Ciudad Real;1 de enero de 2018;499.168
Todas las edades;Total;13 Ciudad Real;1 de enero de 2017;504.403
Todas las edades;Total;13 Ciudad Real;1 de enero de 2016;508.629
Todas las edades;Total;13 Ciudad Real;1 de enero de 2015;514.152
Todas las edades;Total;13 Ciudad Real;1 de enero de 2014;518.032
Todas las edades;Total;13 Ciudad Real;1 de enero de 2013;522.634
Todas las edades;Total;13 Ciudad Real;1 de enero de 2012;526.281
Todas las edades;Total;14 Córdoba;1 de enero de 2021;777.622
Todas las edades;Total;14 Córdoba;1 de enero de 2020;780.825
Todas las edades;Total;14 Córdoba;1 de enero de 2019;780.982
Todas las edades;Total;14 Córdoba;1 de enero de 2018;784.079
Todas las edades;Total;14 Córdoba;1 de enero de 2017;787.735
Todas las edades;Total;14 Córdoba;1 de enero de 2016;790.749
Todas las edades;Total;14 Córdoba;1 de enero de 2015;794.359
Todas las edades;Total;14 Córdoba;1 de enero de 2014;796.830
Todas las edades;Total;14 Córdoba;1 de enero de 2013;799.934
Todas las edades;Total;14 Córdoba;1 de enero de 2012;802.717
Todas las edades;Total;15 Coruña, A;1 de enero de 2021;1.120.501
Todas las edades;Total;15 Coruña, A;1 de enero de 2020;1.121.994
Todas las edades;Total;15 Coruña, A;1 de enero de 2019;1.120.432
Todas las edades;Total;15 Coruña, A;1 de enero de 2018;1.120.074
Todas las edades;Total;15 Coruña, A;1 de enero de 2017;1.120.302
Todas las edades;Total;15 Coruña, A;1 de enero de 2016;1.123.015
Todas las edades;Total;15 Coruña, A;1 de enero de 2015;1.127.596
Todas las edades;Total;15 Coruña, A;1 de enero de 2014;1.132.596
Todas las edades;Total;15 Coruña, A;1 de enero de 2013;1.137.890
Todas las edades;Total;15 Coruña, A;1 de enero de 2012;1.141.178
Todas las edades;Total;16 Cuenca;1 de enero de 2021;196.510
Todas las edades;Total;16 Cuenca;1 de enero de 2020;197.537
Todas las edades;Total;16 Cuenca;1 de enero de 2019;197.617
Todas las edades;Total;16 Cuenca;1 de enero de 2018;198.922
Todas las edades;Total;16 Cuenca;1 de enero de 2017;200.531
Todas las edades;Total;16 Cuenca;1 de enero de 2016;202.864
Todas las edades;Total;16 Cuenca;1 de enero de 2015;205.664
Todas las edades;Total;16 Cuenca;1 de enero de 2014;208.031
Todas las edades;Total;16 Cuenca;1 de enero de 2013;211.356
Todas las edades;Total;16 Cuenca;1 de enero de 2012;214.752
Todas las edades;Total;20 Gipuzkoa;1 de enero de 2021;725.508
Todas las edades;Total;20 Gipuzkoa;1 de enero de 2020;724.347
Todas las edades;Total;20 Gipuzkoa;1 de enero de 2019;719.613
Todas las edades;Total;20 Gipuzkoa;1 de enero de 2018;715.749
Todas las edades;Total;20 Gipuzkoa;1 de enero de 2017;713.130
Todas las edades;Total;20 Gipuzkoa;1 de enero de 2016;711.261
Todas las edades;Total;20 Gipuzkoa;1 de enero de 2015;709.766
Todas las edades;Total;20 Gipuzkoa;1 de enero de 2014;708.675
Todas las edades;Total;20 Gipuzkoa;1 de enero de 2013;709.043
Todas las edades;Total;20 Gipuzkoa;1 de enero de 2012;708.421
Todas las edades;Total;17 Girona;1 de enero de 2021;784.941
Todas las edades;Total;17 Girona;1 de enero de 2020;776.698
Todas las edades;Total;17 Girona;1 de enero de 2019;765.476
Todas las edades;Total;17 Girona;1 de enero de 2018;756.522
Todas las edades;Total;17 Girona;1 de enero de 2017;750.468
Todas las edades;Total;17 Girona;1 de enero de 2016;745.797
Todas las edades;Total;17 Girona;1 de enero de 2015;743.431
Todas las edades;Total;17 Girona;1 de enero de 2014;745.189
Todas las edades;Total;17 Girona;1 de enero de 2013;750.022
Todas las edades;Total;17 Girona;1 de enero de 2012;751.599
Todas las edades;Total;18 Granada;1 de enero de 2021;925.046
Todas las edades;Total;18 Granada;1 de enero de 2020;921.966
Todas las edades;Total;18 Granada;1 de enero de 2019;916.879
Todas las edades;Total;18 Granada;1 de enero de 2018;915.140
Todas las edades;Total;18 Granada;1 de enero de 2017;914.780
Todas las edades;Total;18 Granada;1 de enero de 2016;915.706
Todas las edades;Total;18 Granada;1 de enero de 2015;917.546
Todas las edades;Total;18 Granada;1 de enero de 2014;919.381
Todas las edades;Total;18 Granada;1 de enero de 2013;921.509
Todas las edades;Total;18 Granada;1 de enero de 2012;922.460
Todas las edades;Total;19 Guadalajara;1 de enero de 2021;265.969
Todas las edades;Total;19 Guadalajara;1 de enero de 2020;262.985
Todas las edades;Total;19 Guadalajara;1 de enero de 2019;259.266
Todas las edades;Total;19 Guadalajara;1 de enero de 2018;256.247
Todas las edades;Total;19 Guadalajara;1 de enero de 2017;255.242
Todas las edades;Total;19 Guadalajara;1 de enero de 2016;254.191
Todas las edades;Total;19 Guadalajara;1 de enero de 2015;254.458
Todas las edades;Total;19 Guadalajara;1 de enero de 2014;255.075
Todas las edades;Total;19 Guadalajara;1 de enero de 2013;256.825
Todas las edades;Total;19 Guadalajara;1 de enero de 2012;257.731
Todas las edades;Total;21 Huelva;1 de enero de 2021;527.254
Todas las edades;Total;21 Huelva;1 de enero de 2020;525.333
Todas las edades;Total;21 Huelva;1 de enero de 2019;522.138
Todas las edades;Total;21 Huelva;1 de enero de 2018;520.445
Todas las edades;Total;21 Huelva;1 de enero de 2017;519.144
Todas las edades;Total;21 Huelva;1 de enero de 2016;520.086
Todas las edades;Total;21 Huelva;1 de enero de 2015;520.840
Todas las edades;Total;21 Huelva;1 de enero de 2014;520.453
Todas las edades;Total;21 Huelva;1 de enero de 2013;520.327
Todas las edades;Total;21 Huelva;1 de enero de 2012;519.980
Todas las edades;Total;22 Huesca;1 de enero de 2021;223.995
Todas las edades;Total;22 Huesca;1 de enero de 2020;222.767
Todas las edades;Total;22 Huesca;1 de enero de 2019;220.996
Todas las edades;Total;22 Huesca;1 de enero de 2018;220.653
Todas las edades;Total;22 Huesca;1 de enero de 2017;220.749
Todas las edades;Total;22 Huesca;1 de enero de 2016;221.495
Todas las edades;Total;22 Huesca;1 de enero de 2015;222.677
Todas las edades;Total;22 Huesca;1 de enero de 2014;223.702
Todas las edades;Total;22 Huesca;1 de enero de 2013;224.776
Todas las edades;Total;22 Huesca;1 de enero de 2012;225.821
Todas las edades;Total;23 Jaén;1 de enero de 2021;627.568
Todas las edades;Total;23 Jaén;1 de enero de 2020;630.524
Todas las edades;Total;23 Jaén;1 de enero de 2019;633.375
Todas las edades;Total;23 Jaén;1 de enero de 2018;637.669
Todas las edades;Total;23 Jaén;1 de enero de 2017;642.515
Todas las edades;Total;23 Jaén;1 de enero de 2016;647.007
Todas las edades;Total;23 Jaén;1 de enero de 2015;652.317
Todas las edades;Total;23 Jaén;1 de enero de 2014;656.162
Todas las edades;Total;23 Jaén;1 de enero de 2013;661.647
Todas las edades;Total;23 Jaén;1 de enero de 2012;667.260
Todas las edades;Total;24 León;1 de enero de 2021;452.435
Todas las edades;Total;24 León;1 de enero de 2020;456.697
Todas las edades;Total;24 León;1 de enero de 2019;460.247
Todas las edades;Total;24 León;1 de enero de 2018;464.276
Todas las edades;Total;24 León;1 de enero de 2017;468.637
Todas las edades;Total;24 León;1 de enero de 2016;473.574
Todas las edades;Total;24 León;1 de enero de 2015;479.104
Todas las edades;Total;24 León;1 de enero de 2014;483.681
Todas las edades;Total;24 León;1 de enero de 2013;488.756
Todas las edades;Total;24 León;1 de enero de 2012;492.823
Todas las edades;Total;25 Lleida;1 de enero de 2021;439.258
Todas las edades;Total;25 Lleida;1 de enero de 2020;437.508
Todas las edades;Total;25 Lleida;1 de enero de 2019;432.917
Todas las edades;Total;25 Lleida;1 de enero de 2018;430.650
Todas las edades;Total;25 Lleida;1 de enero de 2017;429.821
Todas las edades;Total;25 Lleida;1 de enero de 2016;429.806
Todas las edades;Total;25 Lleida;1 de enero de 2015;431.044
Todas las edades;Total;25 Lleida;1 de enero de 2014;432.397
Todas las edades;Total;25 Lleida;1 de enero de 2013;435.838
Todas las edades;Total;25 Lleida;1 de enero de 2012;438.213
Todas las edades;Total;27 Lugo;1 de enero de 2021;326.068
Todas las edades;Total;27 Lugo;1 de enero de 2020;327.573
Todas las edades;Total;27 Lugo;1 de enero de 2019;329.070
Todas las edades;Total;27 Lugo;1 de enero de 2018;331.128
Todas las edades;Total;27 Lugo;1 de enero de 2017;333.152
Todas las edades;Total;27 Lugo;1 de enero de 2016;335.752
Todas las edades;Total;27 Lugo;1 de enero de 2015;338.430
Todas las edades;Total;27 Lugo;1 de enero de 2014;341.495
Todas las edades;Total;27 Lugo;1 de enero de 2013;344.603
Todas las edades;Total;27 Lugo;1 de enero de 2012;347.629
Todas las edades;Total;28 Madrid;1 de enero de 2021;6.726.640
Todas las edades;Total;28 Madrid;1 de enero de 2020;6.720.310
Todas las edades;Total;28 Madrid;1 de enero de 2019;6.618.078
Todas las edades;Total;28 Madrid;1 de enero de 2018;6.529.923
Todas las edades;Total;28 Madrid;1 de enero de 2017;6.459.297
Todas las edades;Total;28 Madrid;1 de enero de 2016;6.411.466
Todas las edades;Total;28 Madrid;1 de enero de 2015;6.375.737
Todas las edades;Total;28 Madrid;1 de enero de 2014;6.372.553
Todas las edades;Total;28 Madrid;1 de enero de 2013;6.411.525
Todas las edades;Total;28 Madrid;1 de enero de 2012;6.425.573
Todas las edades;Total;29 Málaga;1 de enero de 2021;1.696.955
Todas las edades;Total;29 Málaga;1 de enero de 2020;1.683.380
Todas las edades;Total;29 Málaga;1 de enero de 2019;1.660.348
Todas las edades;Total;29 Málaga;1 de enero de 2018;1.650.068
Todas las edades;Total;29 Málaga;1 de enero de 2017;1.644.147
Todas las edades;Total;29 Málaga;1 de enero de 2016;1.638.378
Todas las edades;Total;29 Málaga;1 de enero de 2015;1.629.179
Todas las edades;Total;29 Málaga;1 de enero de 2014;1.618.101
Todas las edades;Total;29 Málaga;1 de enero de 2013;1.610.728
Todas las edades;Total;29 Málaga;1 de enero de 2012;1.598.137
Todas las edades;Total;30 Murcia;1 de enero de 2021;1.518.279
Todas las edades;Total;30 Murcia;1 de enero de 2020;1.509.077
Todas las edades;Total;30 Murcia;1 de enero de 2019;1.491.312
Todas las edades;Total;30 Murcia;1 de enero de 2018;1.478.718
Todas las edades;Total;30 Murcia;1 de enero de 2017;1.475.275
Todas las edades;Total;30 Murcia;1 de enero de 2016;1.468.367
Todas las edades;Total;30 Murcia;1 de enero de 2015;1.465.195
Todas las edades;Total;30 Murcia;1 de enero de 2014;1.462.734
Todas las edades;Total;30 Murcia;1 de enero de 2013;1.462.271
Todas las edades;Total;30 Murcia;1 de enero de 2012;1.461.928
Todas las edades;Total;31 Navarra;1 de enero de 2021;662.032
Todas las edades;Total;31 Navarra;1 de enero de 2020;659.907
Todas las edades;Total;31 Navarra;1 de enero de 2019;652.797
Todas las edades;Total;31 Navarra;1 de enero de 2018;646.340
Todas las edades;Total;31 Navarra;1 de enero de 2017;642.075
Todas las edades;Total;31 Navarra;1 de enero de 2016;638.922
Todas las edades;Total;31 Navarra;1 de enero de 2015;637.317
Todas las edades;Total;31 Navarra;1 de enero de 2014;637.099
Todas las edades;Total;31 Navarra;1 de enero de 2013;639.089
Todas las edades;Total;31 Navarra;1 de enero de 2012;640.023
Todas las edades;Total;32 Ourense;1 de enero de 2021;305.297
Todas las edades;Total;32 Ourense;1 de enero de 2020;306.825
Todas las edades;Total;32 Ourense;1 de enero de 2019;307.764
Todas las edades;Total;32 Ourense;1 de enero de 2018;309.290
Todas las edades;Total;32 Ourense;1 de enero de 2017;311.385
Todas las edades;Total;32 Ourense;1 de enero de 2016;314.476
Todas las edades;Total;32 Ourense;1 de enero de 2015;318.288
Todas las edades;Total;32 Ourense;1 de enero de 2014;321.472
Todas las edades;Total;32 Ourense;1 de enero de 2013;325.140
Todas las edades;Total;32 Ourense;1 de enero de 2012;328.188
Todas las edades;Total;34 Palencia;1 de enero de 2021;159.146
Todas las edades;Total;34 Palencia;1 de enero de 2020;160.357
Todas las edades;Total;34 Palencia;1 de enero de 2019;161.053
Todas las edades;Total;34 Palencia;1 de enero de 2018;162.064
Todas las edades;Total;34 Palencia;1 de enero de 2017;163.221
Todas las edades;Total;34 Palencia;1 de enero de 2016;164.421
Todas las edades;Total;34 Palencia;1 de enero de 2015;165.820
Todas las edades;Total;34 Palencia;1 de enero de 2014;167.237
Todas las edades;Total;34 Palencia;1 de enero de 2013;168.670
Todas las edades;Total;34 Palencia;1 de enero de 2012;170.301
Todas las edades;Total;35 Palmas, Las;1 de enero de 2021;1.131.359
Todas las edades;Total;35 Palmas, Las;1 de enero de 2020;1.131.195
Todas las edades;Total;35 Palmas, Las;1 de enero de 2019;1.121.686
Todas las edades;Total;35 Palmas, Las;1 de enero de 2018;1.111.873
Todas las edades;Total;35 Palmas, Las;1 de enero de 2017;1.105.579
Todas las edades;Total;35 Palmas, Las;1 de enero de 2016;1.099.894
Todas las edades;Total;35 Palmas, Las;1 de enero de 2015;1.097.578
Todas las edades;Total;35 Palmas, Las;1 de enero de 2014;1.094.856
Todas las edades;Total;35 Palmas, Las;1 de enero de 2013;1.094.875
Todas las edades;Total;35 Palmas, Las;1 de enero de 2012;1.089.051
Todas las edades;Total;36 Pontevedra;1 de enero de 2021;946.311
Todas las edades;Total;36 Pontevedra;1 de enero de 2020;946.213
Todas las edades;Total;36 Pontevedra;1 de enero de 2019;942.944
Todas las edades;Total;36 Pontevedra;1 de enero de 2018;942.556
Todas las edades;Total;36 Pontevedra;1 de enero de 2017;944.116
Todas las edades;Total;36 Pontevedra;1 de enero de 2016;945.852
Todas las edades;Total;36 Pontevedra;1 de enero de 2015;948.487
Todas las edades;Total;36 Pontevedra;1 de enero de 2014;950.254
Todas las edades;Total;36 Pontevedra;1 de enero de 2013;953.087
Todas las edades;Total;36 Pontevedra;1 de enero de 2012;954.921
Todas las edades;Total;26 Rioja, La;1 de enero de 2021;319.444
Todas las edades;Total;26 Rioja, La;1 de enero de 2020;318.703
Todas las edades;Total;26 Rioja, La;1 de enero de 2019;315.967
Todas las edades;Total;26 Rioja, La;1 de enero de 2018;314.890
Todas las edades;Total;26 Rioja, La;1 de enero de 2017;314.136
Todas las edades;Total;26 Rioja, La;1 de enero de 2016;314.025
Todas las edades;Total;26 Rioja, La;1 de enero de 2015;314.457
Todas las edades;Total;26 Rioja, La;1 de enero de 2014;315.736
Todas las edades;Total;26 Rioja, La;1 de enero de 2013;318.819
Todas las edades;Total;26 Rioja, La;1 de enero de 2012;320.951
Todas las edades;Total;37 Salamanca;1 de enero de 2021;327.735
Todas las edades;Total;37 Salamanca;1 de enero de 2020;330.834
Todas las edades;Total;37 Salamanca;1 de enero de 2019;332.044
Todas las edades;Total;37 Salamanca;1 de enero de 2018;333.500
Todas las edades;Total;37 Salamanca;1 de enero de 2017;335.783
Todas las edades;Total;37 Salamanca;1 de enero de 2016;338.308
Todas las edades;Total;37 Salamanca;1 de enero de 2015;341.635
Todas las edades;Total;37 Salamanca;1 de enero de 2014;344.104
Todas las edades;Total;37 Salamanca;1 de enero de 2013;347.040
Todas las edades;Total;37 Salamanca;1 de enero de 2012;349.625
Todas las edades;Total;38 Santa Cruz de Tenerife;1 de enero de 2021;1.047.565
Todas las edades;Total;38 Santa Cruz de Tenerife;1 de enero de 2020;1.045.045
Todas las edades;Total;38 Santa Cruz de Tenerife;1 de enero de 2019;1.031.630
Todas las edades;Total;38 Santa Cruz de Tenerife;1 de enero de 2018;1.019.708
Todas las edades;Total;38 Santa Cruz de Tenerife;1 de enero de 2017;1.009.654
Todas las edades;Total;38 Santa Cruz de Tenerife;1 de enero de 2016;1.003.542
Todas las edades;Total;38 Santa Cruz de Tenerife;1 de enero de 2015;1.003.741
Todas las edades;Total;38 Santa Cruz de Tenerife;1 de enero de 2014;1.003.299
Todas las edades;Total;38 Santa Cruz de Tenerife;1 de enero de 2013;1.001.461
Todas las edades;Total;38 Santa Cruz de Tenerife;1 de enero de 2012;996.877
Todas las edades;Total;40 Segovia;1 de enero de 2021;153.626
Todas las edades;Total;40 Segovia;1 de enero de 2020;153.641
Todas las edades;Total;40 Segovia;1 de enero de 2019;153.571
Todas las edades;Total;40 Segovia;1 de enero de 2018;153.983
Todas las edades;Total;40 Segovia;1 de enero de 2017;154.854
Todas las edades;Total;40 Segovia;1 de enero de 2016;155.991
Todas las edades;Total;40 Segovia;1 de enero de 2015;157.578
Todas las edades;Total;40 Segovia;1 de enero de 2014;158.798
Todas las edades;Total;40 Segovia;1 de enero de 2013;161.205
Todas las edades;Total;40 Segovia;1 de enero de 2012;162.937
Todas las edades;Total;41 Sevilla;1 de enero de 2021;1.950.056
Todas las edades;Total;41 Sevilla;1 de enero de 2020;1.947.848
Todas las edades;Total;41 Sevilla;1 de enero de 2019;1.941.191
Todas las edades;Total;41 Sevilla;1 de enero de 2018;1.938.007
Todas las edades;Total;41 Sevilla;1 de enero de 2017;1.936.735
Todas las edades;Total;41 Sevilla;1 de enero de 2016;1.935.590
Todas las edades;Total;41 Sevilla;1 de enero de 2015;1.935.135
Todas las edades;Total;41 Sevilla;1 de enero de 2014;1.934.058
Todas las edades;Total;41 Sevilla;1 de enero de 2013;1.935.023
Todas las edades;Total;41 Sevilla;1 de enero de 2012;1.932.573
Todas las edades;Total;42 Soria;1 de enero de 2021;88.796
Todas las edades;Total;42 Soria;1 de enero de 2020;89.302
Todas las edades;Total;42 Soria;1 de enero de 2019;89.008
Todas las edades;Total;42 Soria;1 de enero de 2018;89.329
Todas las edades;Total;42 Soria;1 de enero de 2017;89.614
Todas las edades;Total;42 Soria;1 de enero de 2016;90.460
Todas las edades;Total;42 Soria;1 de enero de 2015;91.454
Todas las edades;Total;42 Soria;1 de enero de 2014;92.374
Todas las edades;Total;42 Soria;1 de enero de 2013;93.373
Todas las edades;Total;42 Soria;1 de enero de 2012;94.463
Todas las edades;Total;43 Tarragona;1 de enero de 2021;823.435
Todas las edades;Total;43 Tarragona;1 de enero de 2020;815.746
Todas las edades;Total;43 Tarragona;1 de enero de 2019;803.528
Todas las edades;Total;43 Tarragona;1 de enero de 2018;795.919
Todas las edades;Total;43 Tarragona;1 de enero de 2017;793.077
Todas las edades;Total;43 Tarragona;1 de enero de 2016;792.163
Todas las edades;Total;43 Tarragona;1 de enero de 2015;793.272
Todas las edades;Total;43 Tarragona;1 de enero de 2014;795.485
Todas las edades;Total;43 Tarragona;1 de enero de 2013;802.724
Todas las edades;Total;43 Tarragona;1 de enero de 2012;806.904
Todas las edades;Total;44 Teruel;1 de enero de 2021;134.259
Todas las edades;Total;44 Teruel;1 de enero de 2020;134.085
Todas las edades;Total;44 Teruel;1 de enero de 2019;134.025
Todas las edades;Total;44 Teruel;1 de enero de 2018;134.449
Todas las edades;Total;44 Teruel;1 de enero de 2017;135.324
Todas las edades;Total;44 Teruel;1 de enero de 2016;136.377
Todas las edades;Total;44 Teruel;1 de enero de 2015;137.871
Todas las edades;Total;44 Teruel;1 de enero de 2014;139.470
Todas las edades;Total;44 Teruel;1 de enero de 2013;141.092
Todas las edades;Total;44 Teruel;1 de enero de 2012;142.918
Todas las edades;Total;45 Toledo;1 de enero de 2021;710.400
Todas las edades;Total;45 Toledo;1 de enero de 2020;704.792
Todas las edades;Total;45 Toledo;1 de enero de 2019;696.390
Todas las edades;Total;45 Toledo;1 de enero de 2018;691.124
Todas las edades;Total;45 Toledo;1 de enero de 2017;691.021
Todas las edades;Total;45 Toledo;1 de enero de 2016;691.787
Todas las edades;Total;45 Toledo;1 de enero de 2015;694.329
Todas las edades;Total;45 Toledo;1 de enero de 2014;697.605
Todas las edades;Total;45 Toledo;1 de enero de 2013;703.566
Todas las edades;Total;45 Toledo;1 de enero de 2012;705.583
Todas las edades;Total;46 Valencia/València;1 de enero de 2021;2.593.243
Todas las edades;Total;46 Valencia/València;1 de enero de 2020;2.584.654
Todas las edades;Total;46 Valencia/València;1 de enero de 2019;2.554.332
Todas las edades;Total;46 Valencia/València;1 de enero de 2018;2.542.923
Todas las edades;Total;46 Valencia/València;1 de enero de 2017;2.531.673
Todas las edades;Total;46 Valencia/València;1 de enero de 2016;2.526.469
Todas las edades;Total;46 Valencia/València;1 de enero de 2015;2.528.776
Todas las edades;Total;46 Valencia/València;1 de enero de 2014;2.531.628
Todas las edades;Total;46 Valencia/València;1 de enero de 2013;2.548.936
Todas las edades;Total;46 Valencia/València;1 de enero de 2012;2.562.514
Todas las edades;Total;47 Valladolid;1 de enero de 2021;519.380
Todas las edades;Total;47 Valladolid;1 de enero de 2020;520.904
Todas las edades;Total;47 Valladolid;1 de enero de 2019;520.483
Todas las edades;Total;47 Valladolid;1 de enero de 2018;520.930
Todas las edades;Total;47 Valladolid;1 de enero de 2017;522.985
Todas las edades;Total;47 Valladolid;1 de enero de 2016;524.669
Todas las edades;Total;47 Valladolid;1 de enero de 2015;527.199
Todas las edades;Total;47 Valladolid;1 de enero de 2014;528.486
Todas las edades;Total;47 Valladolid;1 de enero de 2013;530.848
Todas las edades;Total;47 Valladolid;1 de enero de 2012;532.644
Todas las edades;Total;49 Zamora;1 de enero de 2021;169.165
Todas las edades;Total;49 Zamora;1 de enero de 2020;171.301
Todas las edades;Total;49 Zamora;1 de enero de 2019;173.318
Todas las edades;Total;49 Zamora;1 de enero de 2018;175.662
Todas las edades;Total;49 Zamora;1 de enero de 2017;178.243
Todas las edades;Total;49 Zamora;1 de enero de 2016;181.057
Todas las edades;Total;49 Zamora;1 de enero de 2015;183.885
Todas las edades;Total;49 Zamora;1 de enero de 2014;186.117
Todas las edades;Total;49 Zamora;1 de enero de 2013;188.878
Todas las edades;Total;49 Zamora;1 de enero de 2012;191.306
Todas las edades;Total;50 Zaragoza;1 de enero de 2021;973.684
Todas las edades;Total;50 Zaragoza;1 de enero de 2020;973.740
Todas las edades;Total;50 Zaragoza;1 de enero de 2019;965.673
Todas las edades;Total;50 Zaragoza;1 de enero de 2018;958.391
Todas las edades;Total;50 Zaragoza;1 de enero de 2017;959.338
Todas las edades;Total;50 Zaragoza;1 de enero de 2016;960.170
Todas las edades;Total;50 Zaragoza;1 de enero de 2015;965.052
Todas las edades;Total;50 Zaragoza;1 de enero de 2014;967.541
Todas las edades;Total;50 Zaragoza;1 de enero de 2013;971.807
Todas las edades;Total;50 Zaragoza;1 de enero de 2012;975.050
Todas las edades;Total;51 Ceuta;1 de enero de 2021;84.071
Todas las edades;Total;51 Ceuta;1 de enero de 2020;84.502
Todas las edades;Total;51 Ceuta;1 de enero de 2019;85.087
Todas las edades;Total;51 Ceuta;1 de enero de 2018;85.327
Todas las edades;Total;51 Ceuta;1 de enero de 2017;85.005
Todas las edades;Total;51 Ceuta;1 de enero de 2016;84.558
Todas las edades;Total;51 Ceuta;1 de enero de 2015;84.561
Todas las edades;Total;51 Ceuta;1 de enero de 2014;84.562
Todas las edades;Total;51 Ceuta;1 de enero de 2013;84.487
Todas las edades;Total;51 Ceuta;1 de enero de 2012;83.837
Todas las edades;Total;52 Melilla;1 de enero de 2021;86.450
Todas las edades;Total;52 Melilla;1 de enero de 2020;86.558
Todas las edades;Total;52 Melilla;1 de enero de 2019;86.373
Todas las edades;Total;52 Melilla;1 de enero de 2018;86.084
Todas las edades;Total;52 Melilla;1 de enero de 2017;85.918
Todas las edades;Total;52 Melilla;1 de enero de 2016;85.457
Todas las edades;Total;52 Melilla;1 de enero de 2015;85.009
Todas las edades;Total;52 Melilla;1 de enero de 2014;84.103
Todas las edades;Total;52 Melilla;1 de enero de 2013;83.669
Todas las edades;Total;52 Melilla;1 de enero de 2012;81.786
Todas las edades;Hombres;02 Albacete;1 de enero de 2021;193.487
Todas las edades;Hombres;02 Albacete;1 de enero de 2020;193.913
Todas las edades;Hombres;02 Albacete;1 de enero de 2019;193.806
Todas las edades;Hombres;02 Albacete;1 de enero de 2018;194.405
Todas las edades;Hombres;02 Albacete;1 de enero de 2017;195.065
Todas las edades;Hombres;02 Albacete;1 de enero de 2016;195.901
Todas las edades;Hombres;02 Albacete;1 de enero de 2015;196.954
Todas las edades;Hombres;02 Albacete;1 de enero de 2014;197.966
Todas las edades;Hombres;02 Albacete;1 de enero de 2013;199.610
Todas las edades;Hombres;02 Albacete;1 de enero de 2012;201.085
Todas las edades;Hombres;03 Alicante/Alacant;1 de enero de 2021;935.234
Todas las edades;Hombres;03 Alicante/Alacant;1 de enero de 2020;931.343
Todas las edades;Hombres;03 Alicante/Alacant;1 de enero de 2019;920.332
Todas las edades;Hombres;03 Alicante/Alacant;1 de enero de 2018;912.364
Todas las edades;Hombres;03 Alicante/Alacant;1 de enero de 2017;911.889
Todas las edades;Hombres;03 Alicante/Alacant;1 de enero de 2016;913.425
Todas las edades;Hombres;03 Alicante/Alacant;1 de enero de 2015;914.344
Todas las edades;Hombres;03 Alicante/Alacant;1 de enero de 2014;920.331
Todas las edades;Hombres;03 Alicante/Alacant;1 de enero de 2013;923.244
Todas las edades;Hombres;03 Alicante/Alacant;1 de enero de 2012;924.452
Todas las edades;Hombres;04 Almería;1 de enero de 2021;372.823
Todas las edades;Hombres;04 Almería;1 de enero de 2020;369.224
Todas las edades;Hombres;04 Almería;1 de enero de 2019;363.885
Todas las edades;Hombres;04 Almería;1 de enero de 2018;359.689
Todas las edades;Hombres;04 Almería;1 de enero de 2017;358.283
Todas las edades;Hombres;04 Almería;1 de enero de 2016;355.550
Todas las edades;Hombres;04 Almería;1 de enero de 2015;351.880
Todas las edades;Hombres;04 Almería;1 de enero de 2014;350.233
Todas las edades;Hombres;04 Almería;1 de enero de 2013;351.692
Todas las edades;Hombres;04 Almería;1 de enero de 2012;350.979
Todas las edades;Hombres;01 Araba/Álava;1 de enero de 2021;164.299
Todas las edades;Hombres;01 Araba/Álava;1 de enero de 2020;163.924
Todas las edades;Hombres;01 Araba/Álava;1 de enero de 2019;162.685
Todas las edades;Hombres;01 Araba/Álava;1 de enero de 2018;161.464
Todas las edades;Hombres;01 Araba/Álava;1 de enero de 2017;160.464
Todas las edades;Hombres;01 Araba/Álava;1 de enero de 2016;159.415
Todas las edades;Hombres;01 Araba/Álava;1 de enero de 2015;158.890
Todas las edades;Hombres;01 Araba/Álava;1 de enero de 2014;158.636
Todas las edades;Hombres;01 Araba/Álava;1 de enero de 2013;158.942
Todas las edades;Hombres;01 Araba/Álava;1 de enero de 2012;159.551
Todas las edades;Hombres;33 Asturias;1 de enero de 2021;483.186
Todas las edades;Hombres;33 Asturias;1 de enero de 2020;486.142
Todas las edades;Hombres;33 Asturias;1 de enero de 2019;487.926
Todas las edades;Hombres;33 Asturias;1 de enero de 2018;490.804
Todas las edades;Hombres;33 Asturias;1 de enero de 2017;493.967
Todas las edades;Hombres;33 Asturias;1 de enero de 2016;497.543
Todas las edades;Hombres;33 Asturias;1 de enero de 2015;502.026
Todas las edades;Hombres;33 Asturias;1 de enero de 2014;506.921
Todas las edades;Hombres;33 Asturias;1 de enero de 2013;511.725
Todas las edades;Hombres;33 Asturias;1 de enero de 2012;515.503
Todas las edades;Hombres;05 Ávila;1 de enero de 2021;79.884
Todas las edades;Hombres;05 Ávila;1 de enero de 2020;79.867
Todas las edades;Hombres;05 Ávila;1 de enero de 2019;80.095
Todas las edades;Hombres;05 Ávila;1 de enero de 2018;80.607
Todas las edades;Hombres;05 Ávila;1 de enero de 2017;81.528
Todas las edades;Hombres;05 Ávila;1 de enero de 2016;82.537
Todas las edades;Hombres;05 Ávila;1 de enero de 2015;83.617
Todas las edades;Hombres;05 Ávila;1 de enero de 2014;84.430
Todas las edades;Hombres;05 Ávila;1 de enero de 2013;85.504
Todas las edades;Hombres;05 Ávila;1 de enero de 2012;86.617
Todas las edades;Hombres;06 Badajoz;1 de enero de 2021;331.856
Todas las edades;Hombres;06 Badajoz;1 de enero de 2020;332.402
Todas las edades;Hombres;06 Badajoz;1 de enero de 2019;333.374
Todas las edades;Hombres;06 Badajoz;1 de enero de 2018;334.679
Todas las edades;Hombres;06 Badajoz;1 de enero de 2017;336.579
Todas las edades;Hombres;06 Badajoz;1 de enero de 2016;338.718
Todas las edades;Hombres;06 Badajoz;1 de enero de 2015;340.525
Todas las edades;Hombres;06 Badajoz;1 de enero de 2014;341.727
Todas las edades;Hombres;06 Badajoz;1 de enero de 2013;342.996
Todas las edades;Hombres;06 Badajoz;1 de enero de 2012;343.428
Todas las edades;Hombres;07 Balears, Illes;1 de enero de 2021;590.990
Todas las edades;Hombres;07 Balears, Illes;1 de enero de 2020;588.145
Todas las edades;Hombres;07 Balears, Illes;1 de enero de 2019;578.751
Todas las edades;Hombres;07 Balears, Illes;1 de enero de 2018;570.092
Todas las edades;Hombres;07 Balears, Illes;1 de enero de 2017;563.624
Todas las edades;Hombres;07 Balears, Illes;1 de enero de 2016;558.124
Todas las edades;Hombres;07 Balears, Illes;1 de enero de 2015;555.297
Todas las edades;Hombres;07 Balears, Illes;1 de enero de 2014;553.810
Todas las edades;Hombres;07 Balears, Illes;1 de enero de 2013;554.043
Todas las edades;Hombres;07 Balears, Illes;1 de enero de 2012;552.593
Todas las edades;Hombres;08 Barcelona;1 de enero de 2021;2.785.890
Todas las edades;Hombres;08 Barcelona;1 de enero de 2020;2.777.396
Todas las edades;Hombres;08 Barcelona;1 de enero de 2019;2.741.102
Todas las edades;Hombres;08 Barcelona;1 de enero de 2018;2.706.061
Todas las edades;Hombres;08 Barcelona;1 de enero de 2017;2.682.414
Todas las edades;Hombres;08 Barcelona;1 de enero de 2016;2.666.417
Todas las edades;Hombres;08 Barcelona;1 de enero de 2015;2.657.305
Todas las edades;Hombres;08 Barcelona;1 de enero de 2014;2.662.541
Todas las edades;Hombres;08 Barcelona;1 de enero de 2013;2.688.360
Todas las edades;Hombres;08 Barcelona;1 de enero de 2012;2.703.747
Todas las edades;Hombres;48 Bizkaia;1 de enero de 2021;557.190
Todas las edades;Hombres;48 Bizkaia;1 de enero de 2020;557.513
Todas las edades;Hombres;48 Bizkaia;1 de enero de 2019;553.909
Todas las edades;Hombres;48 Bizkaia;1 de enero de 2018;551.938
Todas las edades;Hombres;48 Bizkaia;1 de enero de 2017;550.727
Todas las edades;Hombres;48 Bizkaia;1 de enero de 2016;550.339
Todas las edades;Hombres;48 Bizkaia;1 de enero de 2015;550.847
Todas las edades;Hombres;48 Bizkaia;1 de enero de 2014;551.942
Todas las edades;Hombres;48 Bizkaia;1 de enero de 2013;556.029
Todas las edades;Hombres;48 Bizkaia;1 de enero de 2012;559.733
Todas las edades;Hombres;09 Burgos;1 de enero de 2021;178.040
Todas las edades;Hombres;09 Burgos;1 de enero de 2020;178.589
Todas las edades;Hombres;09 Burgos;1 de enero de 2019;178.450
Todas las edades;Hombres;09 Burgos;1 de enero de 2018;178.882
Todas las edades;Hombres;09 Burgos;1 de enero de 2017;179.586
Todas las edades;Hombres;09 Burgos;1 de enero de 2016;180.766
Todas las edades;Hombres;09 Burgos;1 de enero de 2015;182.465
Todas las edades;Hombres;09 Burgos;1 de enero de 2014;183.831
Todas las edades;Hombres;09 Burgos;1 de enero de 2013;185.851
Todas las edades;Hombres;09 Burgos;1 de enero de 2012;188.155
Todas las edades;Hombres;10 Cáceres;1 de enero de 2021;193.987
Todas las edades;Hombres;10 Cáceres;1 de enero de 2020;195.325
Todas las edades;Hombres;10 Cáceres;1 de enero de 2019;196.275
Todas las edades;Hombres;10 Cáceres;1 de enero de 2018;197.613
Todas las edades;Hombres;10 Cáceres;1 de enero de 2017;199.287
Todas las edades;Hombres;10 Cáceres;1 de enero de 2016;201.008
Todas las edades;Hombres;10 Cáceres;1 de enero de 2015;202.513
Todas las edades;Hombres;10 Cáceres;1 de enero de 2014;203.688
Todas las edades;Hombres;10 Cáceres;1 de enero de 2013;204.817
Todas las edades;Hombres;10 Cáceres;1 de enero de 2012;206.095
Todas las edades;Hombres;11 Cádiz;1 de enero de 2021;616.595
Todas las edades;Hombres;11 Cádiz;1 de enero de 2020;616.067
Todas las edades;Hombres;11 Cádiz;1 de enero de 2019;614.651
Todas las edades;Hombres;11 Cádiz;1 de enero de 2018;615.670
Todas las edades;Hombres;11 Cádiz;1 de enero de 2017;616.604
Todas las edades;Hombres;11 Cádiz;1 de enero de 2016;617.530
Todas las edades;Hombres;11 Cádiz;1 de enero de 2015;618.625
Todas las edades;Hombres;11 Cádiz;1 de enero de 2014;619.175
Todas las edades;Hombres;11 Cádiz;1 de enero de 2013;620.255
Todas las edades;Hombres;11 Cádiz;1 de enero de 2012;620.463
Todas las edades;Hombres;39 Cantabria;1 de enero de 2021;283.854
Todas las edades;Hombres;39 Cantabria;1 de enero de 2020;283.117
Todas las edades;Hombres;39 Cantabria;1 de enero de 2019;282.808
Todas las edades;Hombres;39 Cantabria;1 de enero de 2018;282.991
Todas las edades;Hombres;39 Cantabria;1 de enero de 2017;283.310
Todas las edades;Hombres;39 Cantabria;1 de enero de 2016;284.039
Todas las edades;Hombres;39 Cantabria;1 de enero de 2015;285.739
Todas las edades;Hombres;39 Cantabria;1 de enero de 2014;287.118
Todas las edades;Hombres;39 Cantabria;1 de enero de 2013;288.490
Todas las edades;Hombres;39 Cantabria;1 de enero de 2012;290.133
Todas las edades;Hombres;12 Castellón/Castelló;1 de enero de 2021;291.857
Todas las edades;Hombres;12 Castellón/Castelló;1 de enero de 2020;290.217
Todas las edades;Hombres;12 Castellón/Castelló;1 de enero de 2019;288.052
Todas las edades;Hombres;12 Castellón/Castelló;1 de enero de 2018;286.385
Todas las edades;Hombres;12 Castellón/Castelló;1 de enero de 2017;285.975
Todas las edades;Hombres;12 Castellón/Castelló;1 de enero de 2016;286.315
Todas las edades;Hombres;12 Castellón/Castelló;1 de enero de 2015;287.653
Todas las edades;Hombres;12 Castellón/Castelló;1 de enero de 2014;289.323
Todas las edades;Hombres;12 Castellón/Castelló;1 de enero de 2013;293.197
Todas las edades;Hombres;12 Castellón/Castelló;1 de enero de 2012;297.669
Todas las edades;Hombres;13 Ciudad Real;1 de enero de 2021;244.112
Todas las edades;Hombres;13 Ciudad Real;1 de enero de 2020;244.993
Todas las edades;Hombres;13 Ciudad Real;1 de enero de 2019;245.314
Todas las edades;Hombres;13 Ciudad Real;1 de enero de 2018;247.163
Todas las edades;Hombres;13 Ciudad Real;1 de enero de 2017;249.943
Todas las edades;Hombres;13 Ciudad Real;1 de enero de 2016;252.399
Todas las edades;Hombres;13 Ciudad Real;1 de enero de 2015;255.412
Todas las edades;Hombres;13 Ciudad Real;1 de enero de 2014;257.524
Todas las edades;Hombres;13 Ciudad Real;1 de enero de 2013;260.099
Todas las edades;Hombres;13 Ciudad Real;1 de enero de 2012;262.148
Todas las edades;Hombres;14 Córdoba;1 de enero de 2021;380.859
Todas las edades;Hombres;14 Córdoba;1 de enero de 2020;382.636
Todas las edades;Hombres;14 Córdoba;1 de enero de 2019;382.942
Todas las edades;Hombres;14 Córdoba;1 de enero de 2018;384.813
Todas las edades;Hombres;14 Córdoba;1 de enero de 2017;386.664
Todas las edades;Hombres;14 Córdoba;1 de enero de 2016;388.195
Todas las edades;Hombres;14 Córdoba;1 de enero de 2015;390.068
Todas las edades;Hombres;14 Córdoba;1 de enero de 2014;391.412
Todas las edades;Hombres;14 Córdoba;1 de enero de 2013;393.021
Todas las edades;Hombres;14 Córdoba;1 de enero de 2012;394.505
Todas las edades;Hombres;15 Coruña, A;1 de enero de 2021;537.361
Todas las edades;Hombres;15 Coruña, A;1 de enero de 2020;538.153
Todas las edades;Hombres;15 Coruña, A;1 de enero de 2019;537.547
Todas las edades;Hombres;15 Coruña, A;1 de enero de 2018;537.648
Todas las edades;Hombres;15 Coruña, A;1 de enero de 2017;538.051
Todas las edades;Hombres;15 Coruña, A;1 de enero de 2016;539.747
Todas las edades;Hombres;15 Coruña, A;1 de enero de 2015;542.371
Todas las edades;Hombres;15 Coruña, A;1 de enero de 2014;544.901
Todas las edades;Hombres;15 Coruña, A;1 de enero de 2013;547.666
Todas las edades;Hombres;15 Coruña, A;1 de enero de 2012;549.265
Todas las edades;Hombres;16 Cuenca;1 de enero de 2021;98.748
Todas las edades;Hombres;16 Cuenca;1 de enero de 2020;99.329
Todas las edades;Hombres;16 Cuenca;1 de enero de 2019;99.419
Todas las edades;Hombres;16 Cuenca;1 de enero de 2018;100.173
Todas las edades;Hombres;16 Cuenca;1 de enero de 2017;101.107
Todas las edades;Hombres;16 Cuenca;1 de enero de 2016;102.444
Todas las edades;Hombres;16 Cuenca;1 de enero de 2015;103.960
Todas las edades;Hombres;16 Cuenca;1 de enero de 2014;105.239
Todas las edades;Hombres;16 Cuenca;1 de enero de 2013;107.103
Todas las edades;Hombres;16 Cuenca;1 de enero de 2012;108.781
Todas las edades;Hombres;20 Gipuzkoa;1 de enero de 2021;354.493
Todas las edades;Hombres;20 Gipuzkoa;1 de enero de 2020;353.732
Todas las edades;Hombres;20 Gipuzkoa;1 de enero de 2019;351.317
Todas las edades;Hombres;20 Gipuzkoa;1 de enero de 2018;349.174
Todas las edades;Hombres;20 Gipuzkoa;1 de enero de 2017;347.903
Todas las edades;Hombres;20 Gipuzkoa;1 de enero de 2016;347.295
Todas las edades;Hombres;20 Gipuzkoa;1 de enero de 2015;346.758
Todas las edades;Hombres;20 Gipuzkoa;1 de enero de 2014;346.341
Todas las edades;Hombres;20 Gipuzkoa;1 de enero de 2013;346.860
Todas las edades;Hombres;20 Gipuzkoa;1 de enero de 2012;346.871
Todas las edades;Hombres;17 Girona;1 de enero de 2021;393.369
Todas las edades;Hombres;17 Girona;1 de enero de 2020;388.901
Todas las edades;Hombres;17 Girona;1 de enero de 2019;382.938
Todas las edades;Hombres;17 Girona;1 de enero de 2018;378.366
Todas las edades;Hombres;17 Girona;1 de enero de 2017;375.447
Todas las edades;Hombres;17 Girona;1 de enero de 2016;373.263
Todas las edades;Hombres;17 Girona;1 de enero de 2015;372.416
Todas las edades;Hombres;17 Girona;1 de enero de 2014;373.920
Todas las edades;Hombres;17 Girona;1 de enero de 2013;377.132
Todas las edades;Hombres;17 Girona;1 de enero de 2012;378.879
Todas las edades;Hombres;18 Granada;1 de enero de 2021;456.393
Todas las edades;Hombres;18 Granada;1 de enero de 2020;455.015
Todas las edades;Hombres;18 Granada;1 de enero de 2019;452.882
Todas las edades;Hombres;18 Granada;1 de enero de 2018;452.443
Todas las edades;Hombres;18 Granada;1 de enero de 2017;452.594
Todas las edades;Hombres;18 Granada;1 de enero de 2016;453.281
Todas las edades;Hombres;18 Granada;1 de enero de 2015;454.277
Todas las edades;Hombres;18 Granada;1 de enero de 2014;455.722
Todas las edades;Hombres;18 Granada;1 de enero de 2013;457.350
Todas las edades;Hombres;18 Granada;1 de enero de 2012;458.053
Todas las edades;Hombres;19 Guadalajara;1 de enero de 2021;134.874
Todas las edades;Hombres;19 Guadalajara;1 de enero de 2020;133.338
Todas las edades;Hombres;19 Guadalajara;1 de enero de 2019;131.445
Todas las edades;Hombres;19 Guadalajara;1 de enero de 2018;129.955
Todas las edades;Hombres;19 Guadalajara;1 de enero de 2017;129.488
Todas las edades;Hombres;19 Guadalajara;1 de enero de 2016;129.167
Todas las edades;Hombres;19 Guadalajara;1 de enero de 2015;129.547
Todas las edades;Hombres;19 Guadalajara;1 de enero de 2014;130.083
Todas las edades;Hombres;19 Guadalajara;1 de enero de 2013;131.393
Todas las edades;Hombres;19 Guadalajara;1 de enero de 2012;132.200
Todas las edades;Hombres;21 Huelva;1 de enero de 2021;261.186
Todas las edades;Hombres;21 Huelva;1 de enero de 2020;260.101
Todas las edades;Hombres;21 Huelva;1 de enero de 2019;258.731
Todas las edades;Hombres;21 Huelva;1 de enero de 2018;258.116
Todas las edades;Hombres;21 Huelva;1 de enero de 2017;257.798
Todas las edades;Hombres;21 Huelva;1 de enero de 2016;258.088
Todas las edades;Hombres;21 Huelva;1 de enero de 2015;258.349
Todas las edades;Hombres;21 Huelva;1 de enero de 2014;258.205
Todas las edades;Hombres;21 Huelva;1 de enero de 2013;258.223
Todas las edades;Hombres;21 Huelva;1 de enero de 2012;257.850
Todas las edades;Hombres;22 Huesca;1 de enero de 2021;113.456
Todas las edades;Hombres;22 Huesca;1 de enero de 2020;112.658
Todas las edades;Hombres;22 Huesca;1 de enero de 2019;111.637
Todas las edades;Hombres;22 Huesca;1 de enero de 2018;111.504
Todas las edades;Hombres;22 Huesca;1 de enero de 2017;111.632
Todas las edades;Hombres;22 Huesca;1 de enero de 2016;112.016
Todas las edades;Hombres;22 Huesca;1 de enero de 2015;112.722
Todas las edades;Hombres;22 Huesca;1 de enero de 2014;113.391
Todas las edades;Hombres;22 Huesca;1 de enero de 2013;114.082
Todas las edades;Hombres;22 Huesca;1 de enero de 2012;114.693
Todas las edades;Hombres;23 Jaén;1 de enero de 2021;310.930
Todas las edades;Hombres;23 Jaén;1 de enero de 2020;312.467
Todas las edades;Hombres;23 Jaén;1 de enero de 2019;313.901
Todas las edades;Hombres;23 Jaén;1 de enero de 2018;316.153
Todas las edades;Hombres;23 Jaén;1 de enero de 2017;318.853
Todas las edades;Hombres;23 Jaén;1 de enero de 2016;321.195
Todas las edades;Hombres;23 Jaén;1 de enero de 2015;323.983
Todas las edades;Hombres;23 Jaén;1 de enero de 2014;326.071
Todas las edades;Hombres;23 Jaén;1 de enero de 2013;329.817
Todas las edades;Hombres;23 Jaén;1 de enero de 2012;333.760
Todas las edades;Hombres;24 León;1 de enero de 2021;220.034
Todas las edades;Hombres;24 León;1 de enero de 2020;222.222
Todas las edades;Hombres;24 León;1 de enero de 2019;224.133
Todas las edades;Hombres;24 León;1 de enero de 2018;226.235
Todas las edades;Hombres;24 León;1 de enero de 2017;228.596
Todas las edades;Hombres;24 León;1 de enero de 2016;231.135
Todas las edades;Hombres;24 León;1 de enero de 2015;233.941
Todas las edades;Hombres;24 León;1 de enero de 2014;236.322
Todas las edades;Hombres;24 León;1 de enero de 2013;238.892
Todas las edades;Hombres;24 León;1 de enero de 2012;241.096
Todas las edades;Hombres;25 Lleida;1 de enero de 2021;224.011
Todas las edades;Hombres;25 Lleida;1 de enero de 2020;222.906
Todas las edades;Hombres;25 Lleida;1 de enero de 2019;219.977
Todas las edades;Hombres;25 Lleida;1 de enero de 2018;218.563
Todas las edades;Hombres;25 Lleida;1 de enero de 2017;218.048
Todas las edades;Hombres;25 Lleida;1 de enero de 2016;217.977
Todas las edades;Hombres;25 Lleida;1 de enero de 2015;218.352
Todas las edades;Hombres;25 Lleida;1 de enero de 2014;219.195
Todas las edades;Hombres;25 Lleida;1 de enero de 2013;221.431
Todas las edades;Hombres;25 Lleida;1 de enero de 2012;223.077
Todas las edades;Hombres;27 Lugo;1 de enero de 2021;158.003
Todas las edades;Hombres;27 Lugo;1 de enero de 2020;158.711
Todas las edades;Hombres;27 Lugo;1 de enero de 2019;159.478
Todas las edades;Hombres;27 Lugo;1 de enero de 2018;160.627
Todas las edades;Hombres;27 Lugo;1 de enero de 2017;161.630
Todas las edades;Hombres;27 Lugo;1 de enero de 2016;162.905
Todas las edades;Hombres;27 Lugo;1 de enero de 2015;164.285
Todas las edades;Hombres;27 Lugo;1 de enero de 2014;165.815
Todas las edades;Hombres;27 Lugo;1 de enero de 2013;167.476
Todas las edades;Hombres;27 Lugo;1 de enero de 2012;169.176
Todas las edades;Hombres;28 Madrid;1 de enero de 2021;3.221.401
Todas las edades;Hombres;28 Madrid;1 de enero de 2020;3.219.909
Todas las edades;Hombres;28 Madrid;1 de enero de 2019;3.172.045
Todas las edades;Hombres;28 Madrid;1 de enero de 2018;3.131.714
Todas las edades;Hombres;28 Madrid;1 de enero de 2017;3.099.759
Todas las edades;Hombres;28 Madrid;1 de enero de 2016;3.078.169
Todas las edades;Hombres;28 Madrid;1 de enero de 2015;3.062.065
Todas las edades;Hombres;28 Madrid;1 de enero de 2014;3.062.785
Todas las edades;Hombres;28 Madrid;1 de enero de 2013;3.085.179
Todas las edades;Hombres;28 Madrid;1 de enero de 2012;3.097.459
Todas las edades;Hombres;29 Málaga;1 de enero de 2021;831.211
Todas las edades;Hombres;29 Málaga;1 de enero de 2020;825.140
Todas las edades;Hombres;29 Málaga;1 de enero de 2019;814.462
Todas las edades;Hombres;29 Málaga;1 de enero de 2018;810.253
Todas las edades;Hombres;29 Málaga;1 de enero de 2017;808.312
Todas las edades;Hombres;29 Málaga;1 de enero de 2016;806.571
Todas las edades;Hombres;29 Málaga;1 de enero de 2015;802.584
Todas las edades;Hombres;29 Málaga;1 de enero de 2014;797.724
Todas las edades;Hombres;29 Málaga;1 de enero de 2013;794.597
Todas las edades;Hombres;29 Málaga;1 de enero de 2012;789.052
Todas las edades;Hombres;30 Murcia;1 de enero de 2021;760.831
Todas las edades;Hombres;30 Murcia;1 de enero de 2020;756.142
Todas las edades;Hombres;30 Murcia;1 de enero de 2019;746.926
Todas las edades;Hombres;30 Murcia;1 de enero de 2018;741.037
Todas las edades;Hombres;30 Murcia;1 de enero de 2017;739.790
Todas las edades;Hombres;30 Murcia;1 de enero de 2016;736.540
Todas las edades;Hombres;30 Murcia;1 de enero de 2015;735.374
Todas las edades;Hombres;30 Murcia;1 de enero de 2014;734.753
Todas las edades;Hombres;30 Murcia;1 de enero de 2013;735.778
Todas las edades;Hombres;30 Murcia;1 de enero de 2012;737.239
Todas las edades;Hombres;31 Navarra;1 de enero de 2021;327.940
Todas las edades;Hombres;31 Navarra;1 de enero de 2020;326.911
Todas las edades;Hombres;31 Navarra;1 de enero de 2019;323.191
Todas las edades;Hombres;31 Navarra;1 de enero de 2018;320.190
Todas las edades;Hombres;31 Navarra;1 de enero de 2017;318.413
Todas las edades;Hombres;31 Navarra;1 de enero de 2016;317.113
Todas las edades;Hombres;31 Navarra;1 de enero de 2015;316.363
Todas las edades;Hombres;31 Navarra;1 de enero de 2014;316.505
Todas las edades;Hombres;31 Navarra;1 de enero de 2013;317.993
Todas las edades;Hombres;31 Navarra;1 de enero de 2012;319.090
Todas las edades;Hombres;32 Ourense;1 de enero de 2021;146.630
Todas las edades;Hombres;32 Ourense;1 de enero de 2020;147.337
Todas las edades;Hombres;32 Ourense;1 de enero de 2019;147.899
Todas las edades;Hombres;32 Ourense;1 de enero de 2018;148.852
Todas las edades;Hombres;32 Ourense;1 de enero de 2017;149.987
Todas las edades;Hombres;32 Ourense;1 de enero de 2016;151.484
Todas las edades;Hombres;32 Ourense;1 de enero de 2015;153.495
Todas las edades;Hombres;32 Ourense;1 de enero de 2014;155.177
Todas las edades;Hombres;32 Ourense;1 de enero de 2013;157.066
Todas las edades;Hombres;32 Ourense;1 de enero de 2012;158.517
Todas las edades;Hombres;34 Palencia;1 de enero de 2021;78.883
Todas las edades;Hombres;34 Palencia;1 de enero de 2020;79.522
Todas las edades;Hombres;34 Palencia;1 de enero de 2019;79.880
Todas las edades;Hombres;34 Palencia;1 de enero de 2018;80.396
Todas las edades;Hombres;34 Palencia;1 de enero de 2017;80.906
Todas las edades;Hombres;34 Palencia;1 de enero de 2016;81.539
Todas las edades;Hombres;34 Palencia;1 de enero de 2015;82.124
Todas las edades;Hombres;34 Palencia;1 de enero de 2014;82.823
Todas las edades;Hombres;34 Palencia;1 de enero de 2013;83.596
Todas las edades;Hombres;34 Palencia;1 de enero de 2012;84.416
Todas las edades;Hombres;35 Palmas, Las;1 de enero de 2021;563.160
Todas las edades;Hombres;35 Palmas, Las;1 de enero de 2020;563.662
Todas las edades;Hombres;35 Palmas, Las;1 de enero de 2019;559.292
Todas las edades;Hombres;35 Palmas, Las;1 de enero de 2018;554.682
Todas las edades;Hombres;35 Palmas, Las;1 de enero de 2017;552.051
Todas las edades;Hombres;35 Palmas, Las;1 de enero de 2016;549.583
Todas las edades;Hombres;35 Palmas, Las;1 de enero de 2015;548.902
Todas las edades;Hombres;35 Palmas, Las;1 de enero de 2014;547.826
Todas las edades;Hombres;35 Palmas, Las;1 de enero de 2013;548.570
Todas las edades;Hombres;35 Palmas, Las;1 de enero de 2012;546.215
Todas las edades;Hombres;36 Pontevedra;1 de enero de 2021;457.497
Todas las edades;Hombres;36 Pontevedra;1 de enero de 2020;457.659
Todas las edades;Hombres;36 Pontevedra;1 de enero de 2019;456.458
Todas las edades;Hombres;36 Pontevedra;1 de enero de 2018;456.565
Todas las edades;Hombres;36 Pontevedra;1 de enero de 2017;457.791
Todas las edades;Hombres;36 Pontevedra;1 de enero de 2016;458.858
Todas las edades;Hombres;36 Pontevedra;1 de enero de 2015;460.251
Todas las edades;Hombres;36 Pontevedra;1 de enero de 2014;461.327
Todas las edades;Hombres;36 Pontevedra;1 de enero de 2013;462.880
Todas las edades;Hombres;36 Pontevedra;1 de enero de 2012;463.897
Todas las edades;Hombres;26 Rioja, La;1 de enero de 2021;157.763
Todas las edades;Hombres;26 Rioja, La;1 de enero de 2020;157.336
Todas las edades;Hombres;26 Rioja, La;1 de enero de 2019;155.955
Todas las edades;Hombres;26 Rioja, La;1 de enero de 2018;155.582
Todas las edades;Hombres;26 Rioja, La;1 de enero de 2017;155.178
Todas las edades;Hombres;26 Rioja, La;1 de enero de 2016;155.204
Todas las edades;Hombres;26 Rioja, La;1 de enero de 2015;155.527
Todas las edades;Hombres;26 Rioja, La;1 de enero de 2014;156.519
Todas las edades;Hombres;26 Rioja, La;1 de enero de 2013;158.669
Todas las edades;Hombres;26 Rioja, La;1 de enero de 2012;160.318
Todas las edades;Hombres;37 Salamanca;1 de enero de 2021;159.202
Todas las edades;Hombres;37 Salamanca;1 de enero de 2020;160.896
Todas las edades;Hombres;37 Salamanca;1 de enero de 2019;161.557
Todas las edades;Hombres;37 Salamanca;1 de enero de 2018;162.338
Todas las edades;Hombres;37 Salamanca;1 de enero de 2017;163.671
Todas las edades;Hombres;37 Salamanca;1 de enero de 2016;164.995
Todas las edades;Hombres;37 Salamanca;1 de enero de 2015;166.791
Todas las edades;Hombres;37 Salamanca;1 de enero de 2014;168.139
Todas las edades;Hombres;37 Salamanca;1 de enero de 2013;169.856
Todas las edades;Hombres;37 Salamanca;1 de enero de 2012;171.226
Todas las edades;Hombres;38 Santa Cruz de Tenerife;1 de enero de 2021;514.700
Todas las edades;Hombres;38 Santa Cruz de Tenerife;1 de enero de 2020;514.087
Todas las edades;Hombres;38 Santa Cruz de Tenerife;1 de enero de 2019;508.238
Todas las edades;Hombres;38 Santa Cruz de Tenerife;1 de enero de 2018;502.805
Todas las edades;Hombres;38 Santa Cruz de Tenerife;1 de enero de 2017;498.376
Todas las edades;Hombres;38 Santa Cruz de Tenerife;1 de enero de 2016;495.737
Todas las edades;Hombres;38 Santa Cruz de Tenerife;1 de enero de 2015;496.494
Todas las edades;Hombres;38 Santa Cruz de Tenerife;1 de enero de 2014;496.827
Todas las edades;Hombres;38 Santa Cruz de Tenerife;1 de enero de 2013;496.580
Todas las edades;Hombres;38 Santa Cruz de Tenerife;1 de enero de 2012;494.731
Todas las edades;Hombres;40 Segovia;1 de enero de 2021;77.152
Todas las edades;Hombres;40 Segovia;1 de enero de 2020;77.251
Todas las edades;Hombres;40 Segovia;1 de enero de 2019;77.261
Todas las edades;Hombres;40 Segovia;1 de enero de 2018;77.562
Todas las edades;Hombres;40 Segovia;1 de enero de 2017;78.094
Todas las edades;Hombres;40 Segovia;1 de enero de 2016;78.795
Todas las edades;Hombres;40 Segovia;1 de enero de 2015;79.696
Todas las edades;Hombres;40 Segovia;1 de enero de 2014;80.340
Todas las edades;Hombres;40 Segovia;1 de enero de 2013;81.577
Todas las edades;Hombres;40 Segovia;1 de enero de 2012;82.478
Todas las edades;Hombres;41 Sevilla;1 de enero de 2021;952.623
Todas las edades;Hombres;41 Sevilla;1 de enero de 2020;952.123
Todas las edades;Hombres;41 Sevilla;1 de enero de 2019;949.279
Todas las edades;Hombres;41 Sevilla;1 de enero de 2018;948.341
Todas las edades;Hombres;41 Sevilla;1 de enero de 2017;948.130
Todas las edades;Hombres;41 Sevilla;1 de enero de 2016;948.005
Todas las edades;Hombres;41 Sevilla;1 de enero de 2015;947.965
Todas las edades;Hombres;41 Sevilla;1 de enero de 2014;947.627
Todas las edades;Hombres;41 Sevilla;1 de enero de 2013;948.402
Todas las edades;Hombres;41 Sevilla;1 de enero de 2012;947.826
Todas las edades;Hombres;42 Soria;1 de enero de 2021;44.939
Todas las edades;Hombres;42 Soria;1 de enero de 2020;45.207
Todas las edades;Hombres;42 Soria;1 de enero de 2019;45.038
Todas las edades;Hombres;42 Soria;1 de enero de 2018;45.231
Todas las edades;Hombres;42 Soria;1 de enero de 2017;45.413
Todas las edades;Hombres;42 Soria;1 de enero de 2016;45.863
Todas las edades;Hombres;42 Soria;1 de enero de 2015;46.373
Todas las edades;Hombres;42 Soria;1 de enero de 2014;46.841
Todas las edades;Hombres;42 Soria;1 de enero de 2013;47.429
Todas las edades;Hombres;42 Soria;1 de enero de 2012;47.977
Todas las edades;Hombres;43 Tarragona;1 de enero de 2021;411.553
Todas las edades;Hombres;43 Tarragona;1 de enero de 2020;407.808
Todas las edades;Hombres;43 Tarragona;1 de enero de 2019;401.245
Todas las edades;Hombres;43 Tarragona;1 de enero de 2018;397.366
Todas las edades;Hombres;43 Tarragona;1 de enero de 2017;396.462
Todas las edades;Hombres;43 Tarragona;1 de enero de 2016;396.507
Todas las edades;Hombres;43 Tarragona;1 de enero de 2015;397.694
Todas las edades;Hombres;43 Tarragona;1 de enero de 2014;399.454
Todas las edades;Hombres;43 Tarragona;1 de enero de 2013;404.395
Todas las edades;Hombres;43 Tarragona;1 de enero de 2012;407.510
Todas las edades;Hombres;44 Teruel;1 de enero de 2021;68.143
Todas las edades;Hombres;44 Teruel;1 de enero de 2020;67.987
Todas las edades;Hombres;44 Teruel;1 de enero de 2019;67.938
Todas las edades;Hombres;44 Teruel;1 de enero de 2018;68.111
Todas las edades;Hombres;44 Teruel;1 de enero de 2017;68.634
Todas las edades;Hombres;44 Teruel;1 de enero de 2016;69.282
Todas las edades;Hombres;44 Teruel;1 de enero de 2015;70.152
Todas las edades;Hombres;44 Teruel;1 de enero de 2014;71.131
Todas las edades;Hombres;44 Teruel;1 de enero de 2013;72.053
Todas las edades;Hombres;44 Teruel;1 de enero de 2012;73.240
Todas las edades;Hombres;45 Toledo;1 de enero de 2021;357.475
Todas las edades;Hombres;45 Toledo;1 de enero de 2020;354.775
Todas las edades;Hombres;45 Toledo;1 de enero de 2019;350.717
Todas las edades;Hombres;45 Toledo;1 de enero de 2018;348.376
Todas las edades;Hombres;45 Toledo;1 de enero de 2017;348.779
Todas las edades;Hombres;45 Toledo;1 de enero de 2016;349.534
Todas las edades;Hombres;45 Toledo;1 de enero de 2015;351.290
Todas las edades;Hombres;45 Toledo;1 de enero de 2014;353.306
Todas las edades;Hombres;45 Toledo;1 de enero de 2013;356.858
Todas las edades;Hombres;45 Toledo;1 de enero de 2012;358.439
Todas las edades;Hombres;46 Valencia/València;1 de enero de 2021;1.270.661
Todas las edades;Hombres;46 Valencia/València;1 de enero de 2020;1.266.510
Todas las edades;Hombres;46 Valencia/València;1 de enero de 2019;1.251.933
Todas las edades;Hombres;46 Valencia/València;1 de enero de 2018;1.247.517
Todas las edades;Hombres;46 Valencia/València;1 de enero de 2017;1.242.756
Todas las edades;Hombres;46 Valencia/València;1 de enero de 2016;1.241.307
Todas las edades;Hombres;46 Valencia/València;1 de enero de 2015;1.243.543
Todas las edades;Hombres;46 Valencia/València;1 de enero de 2014;1.245.679
Todas las edades;Hombres;46 Valencia/València;1 de enero de 2013;1.256.654
Todas las edades;Hombres;46 Valencia/València;1 de enero de 2012;1.265.539
Todas las edades;Hombres;47 Valladolid;1 de enero de 2021;252.999
Todas las edades;Hombres;47 Valladolid;1 de enero de 2020;253.858
Todas las edades;Hombres;47 Valladolid;1 de enero de 2019;253.935
Todas las edades;Hombres;47 Valladolid;1 de enero de 2018;254.236
Todas las edades;Hombres;47 Valladolid;1 de enero de 2017;255.617
Todas las edades;Hombres;47 Valladolid;1 de enero de 2016;256.523
Todas las edades;Hombres;47 Valladolid;1 de enero de 2015;258.060
Todas las edades;Hombres;47 Valladolid;1 de enero de 2014;258.948
Todas las edades;Hombres;47 Valladolid;1 de enero de 2013;260.193
Todas las edades;Hombres;47 Valladolid;1 de enero de 2012;261.249
Todas las edades;Hombres;49 Zamora;1 de enero de 2021;83.824
Todas las edades;Hombres;49 Zamora;1 de enero de 2020;84.836
Todas las edades;Hombres;49 Zamora;1 de enero de 2019;85.823
Todas las edades;Hombres;49 Zamora;1 de enero de 2018;87.029
Todas las edades;Hombres;49 Zamora;1 de enero de 2017;88.386
Todas las edades;Hombres;49 Zamora;1 de enero de 2016;89.787
Todas las edades;Hombres;49 Zamora;1 de enero de 2015;91.253
Todas las edades;Hombres;49 Zamora;1 de enero de 2014;92.405
Todas las edades;Hombres;49 Zamora;1 de enero de 2013;93.834
Todas las edades;Hombres;49 Zamora;1 de enero de 2012;95.062
Todas las edades;Hombres;50 Zaragoza;1 de enero de 2021;476.664
Todas las edades;Hombres;50 Zaragoza;1 de enero de 2020;476.634
Todas las edades;Hombres;50 Zaragoza;1 de enero de 2019;472.749
Todas las edades;Hombres;50 Zaragoza;1 de enero de 2018;469.652
Todas las edades;Hombres;50 Zaragoza;1 de enero de 2017;470.488
Todas las edades;Hombres;50 Zaragoza;1 de enero de 2016;471.628
Todas las edades;Hombres;50 Zaragoza;1 de enero de 2015;474.997
Todas las edades;Hombres;50 Zaragoza;1 de enero de 2014;476.467
Todas las edades;Hombres;50 Zaragoza;1 de enero de 2013;479.277
Todas las edades;Hombres;50 Zaragoza;1 de enero de 2012;481.700
Todas las edades;Hombres;51 Ceuta;1 de enero de 2021;42.536
Todas las edades;Hombres;51 Ceuta;1 de enero de 2020;42.740
Todas las edades;Hombres;51 Ceuta;1 de enero de 2019;43.151
Todas las edades;Hombres;51 Ceuta;1 de enero de 2018;43.328
Todas las edades;Hombres;51 Ceuta;1 de enero de 2017;43.186
Todas las edades;Hombres;51 Ceuta;1 de enero de 2016;42.979
Todas las edades;Hombres;51 Ceuta;1 de enero de 2015;43.049
Todas las edades;Hombres;51 Ceuta;1 de enero de 2014;43.197
Todas las edades;Hombres;51 Ceuta;1 de enero de 2013;43.300
Todas las edades;Hombres;51 Ceuta;1 de enero de 2012;42.960
Todas las edades;Hombres;52 Melilla;1 de enero de 2021;43.823
Todas las edades;Hombres;52 Melilla;1 de enero de 2020;43.992
Todas las edades;Hombres;52 Melilla;1 de enero de 2019;44.049
Todas las edades;Hombres;52 Melilla;1 de enero de 2018;43.860
Todas las edades;Hombres;52 Melilla;1 de enero de 2017;43.872
Todas las edades;Hombres;52 Melilla;1 de enero de 2016;43.708
Todas las edades;Hombres;52 Melilla;1 de enero de 2015;43.558
Todas las edades;Hombres;52 Melilla;1 de enero de 2014;43.097
Todas las edades;Hombres;52 Melilla;1 de enero de 2013;43.190
Todas las edades;Hombres;52 Melilla;1 de enero de 2012;42.310
Todas las edades;Mujeres;02 Albacete;1 de enero de 2021;193.239
Todas las edades;Mujeres;02 Albacete;1 de enero de 2020;193.925
Todas las edades;Mujeres;02 Albacete;1 de enero de 2019;194.012
Todas las edades;Mujeres;02 Albacete;1 de enero de 2018;194.543
Todas las edades;Mujeres;02 Albacete;1 de enero de 2017;195.160
Todas las edades;Mujeres;02 Albacete;1 de enero de 2016;195.964
Todas las edades;Mujeres;02 Albacete;1 de enero de 2015;197.058
Todas las edades;Mujeres;02 Albacete;1 de enero de 2014;198.051
Todas las edades;Mujeres;02 Albacete;1 de enero de 2013;199.483
Todas las edades;Mujeres;02 Albacete;1 de enero de 2012;200.505
Todas las edades;Mujeres;03 Alicante/Alacant;1 de enero de 2021;951.802
Todas las edades;Mujeres;03 Alicante/Alacant;1 de enero de 2020;946.284
Todas las edades;Mujeres;03 Alicante/Alacant;1 de enero de 2019;935.052
Todas las edades;Mujeres;03 Alicante/Alacant;1 de enero de 2018;926.955
Todas las edades;Mujeres;03 Alicante/Alacant;1 de enero de 2017;924.826
Todas las edades;Mujeres;03 Alicante/Alacant;1 de enero de 2016;924.448
Todas las edades;Mujeres;03 Alicante/Alacant;1 de enero de 2015;924.234
Todas las edades;Mujeres;03 Alicante/Alacant;1 de enero de 2014;927.905
Todas las edades;Mujeres;03 Alicante/Alacant;1 de enero de 2013;929.489
Todas las edades;Mujeres;03 Alicante/Alacant;1 de enero de 2012;928.757
Todas las edades;Mujeres;04 Almería;1 de enero de 2021;357.607
Todas las edades;Mujeres;04 Almería;1 de enero de 2020;354.779
Todas las edades;Mujeres;04 Almería;1 de enero de 2019;350.238
Todas las edades;Mujeres;04 Almería;1 de enero de 2018;347.630
Todas las edades;Mujeres;04 Almería;1 de enero de 2017;346.588
Todas las edades;Mujeres;04 Almería;1 de enero de 2016;344.505
Todas las edades;Mujeres;04 Almería;1 de enero de 2015;342.171
Todas las edades;Mujeres;04 Almería;1 de enero de 2014;340.517
Todas las edades;Mujeres;04 Almería;1 de enero de 2013;340.742
Todas las edades;Mujeres;04 Almería;1 de enero de 2012;338.341
Todas las edades;Mujeres;01 Araba/Álava;1 de enero de 2021;169.186
Todas las edades;Mujeres;01 Araba/Álava;1 de enero de 2020;168.950
Todas las edades;Mujeres;01 Araba/Álava;1 de enero de 2019;167.419
Todas las edades;Mujeres;01 Araba/Álava;1 de enero de 2018;166.299
Todas las edades;Mujeres;01 Araba/Álava;1 de enero de 2017;164.786
Todas las edades;Mujeres;01 Araba/Álava;1 de enero de 2016;163.559
Todas las edades;Mujeres;01 Araba/Álava;1 de enero de 2015;162.651
Todas las edades;Mujeres;01 Araba/Álava;1 de enero de 2014;161.815
Todas las edades;Mujeres;01 Araba/Álava;1 de enero de 2013;161.257
Todas las edades;Mujeres;01 Araba/Álava;1 de enero de 2012;161.015
Todas las edades;Mujeres;33 Asturias;1 de enero de 2021;528.931
Todas las edades;Mujeres;33 Asturias;1 de enero de 2020;531.911
Todas las edades;Mujeres;33 Asturias;1 de enero de 2019;533.543
Todas las edades;Mujeres;33 Asturias;1 de enero de 2018;536.287
Todas las edades;Mujeres;33 Asturias;1 de enero de 2017;539.583
Todas las edades;Mujeres;33 Asturias;1 de enero de 2016;542.864
Todas las edades;Mujeres;33 Asturias;1 de enero de 2015;547.302
Todas las edades;Mujeres;33 Asturias;1 de enero de 2014;551.639
Todas las edades;Mujeres;33 Asturias;1 de enero de 2013;555.700
Todas las edades;Mujeres;33 Asturias;1 de enero de 2012;558.801
Todas las edades;Mujeres;05 Ávila;1 de enero de 2021;79.014
Todas las edades;Mujeres;05 Ávila;1 de enero de 2020;78.952
Todas las edades;Mujeres;05 Ávila;1 de enero de 2019;79.142
Todas las edades;Mujeres;05 Ávila;1 de enero de 2018;79.497
Todas las edades;Mujeres;05 Ávila;1 de enero de 2017;80.254
Todas las edades;Mujeres;05 Ávila;1 de enero de 2016;81.132
Todas las edades;Mujeres;05 Ávila;1 de enero de 2015;82.077
Todas las edades;Mujeres;05 Ávila;1 de enero de 2014;82.835
Todas las edades;Mujeres;05 Ávila;1 de enero de 2013;83.869
Todas las edades;Mujeres;05 Ávila;1 de enero de 2012;84.748
Todas las edades;Mujeres;06 Badajoz;1 de enero de 2021;339.236
Todas las edades;Mujeres;06 Badajoz;1 de enero de 2020;339.643
Todas las edades;Mujeres;06 Badajoz;1 de enero de 2019;340.010
Todas las edades;Mujeres;06 Badajoz;1 de enero de 2018;341.063
Todas las edades;Mujeres;06 Badajoz;1 de enero de 2017;342.463
Todas las edades;Mujeres;06 Badajoz;1 de enero de 2016;344.252
Todas las edades;Mujeres;06 Badajoz;1 de enero de 2015;345.725
Todas las edades;Mujeres;06 Badajoz;1 de enero de 2014;346.970
Todas las edades;Mujeres;06 Badajoz;1 de enero de 2013;347.893
Todas las edades;Mujeres;06 Badajoz;1 de enero de 2012;348.413
Todas las edades;Mujeres;07 Balears, Illes;1 de enero de 2021;592.425
Todas las edades;Mujeres;07 Balears, Illes;1 de enero de 2020;588.671
Todas las edades;Mujeres;07 Balears, Illes;1 de enero de 2019;579.177
Todas las edades;Mujeres;07 Balears, Illes;1 de enero de 2018;571.141
Todas las edades;Mujeres;07 Balears, Illes;1 de enero de 2017;564.868
Todas las edades;Mujeres;07 Balears, Illes;1 de enero de 2016;559.229
Todas las edades;Mujeres;07 Balears, Illes;1 de enero de 2015;555.705
Todas las edades;Mujeres;07 Balears, Illes;1 de enero de 2014;552.807
Todas las edades;Mujeres;07 Balears, Illes;1 de enero de 2013;551.088
Todas las edades;Mujeres;07 Balears, Illes;1 de enero de 2012;548.122
Todas las edades;Mujeres;08 Barcelona;1 de enero de 2021;2.916.372
Todas las edades;Mujeres;08 Barcelona;1 de enero de 2020;2.912.975
Todas las edades;Mujeres;08 Barcelona;1 de enero de 2019;2.881.602
Todas las edades;Mujeres;08 Barcelona;1 de enero de 2018;2.850.212
Todas las edades;Mujeres;08 Barcelona;1 de enero de 2017;2.824.998
Todas las edades;Mujeres;08 Barcelona;1 de enero de 2016;2.806.509
Todas las edades;Mujeres;08 Barcelona;1 de enero de 2015;2.795.838
Todas las edades;Mujeres;08 Barcelona;1 de enero de 2014;2.797.221
Todas las edades;Mujeres;08 Barcelona;1 de enero de 2013;2.811.720
Todas las edades;Mujeres;08 Barcelona;1 de enero de 2012;2.814.529
Todas las edades;Mujeres;48 Bizkaia;1 de enero de 2021;596.445
Todas las edades;Mujeres;48 Bizkaia;1 de enero de 2020;597.183
Todas las edades;Mujeres;48 Bizkaia;1 de enero de 2019;593.680
Todas las edades;Mujeres;48 Bizkaia;1 de enero de 2018;591.804
Todas las edades;Mujeres;48 Bizkaia;1 de enero de 2017;590.837
Todas las edades;Mujeres;48 Bizkaia;1 de enero de 2016;589.852
Todas las edades;Mujeres;48 Bizkaia;1 de enero de 2015;590.553
Todas las edades;Mujeres;48 Bizkaia;1 de enero de 2014;591.179
Todas las edades;Mujeres;48 Bizkaia;1 de enero de 2013;594.003
Todas las edades;Mujeres;48 Bizkaia;1 de enero de 2012;595.976
Todas las edades;Mujeres;09 Burgos;1 de enero de 2021;178.002
Todas las edades;Mujeres;09 Burgos;1 de enero de 2020;178.532
Todas las edades;Mujeres;09 Burgos;1 de enero de 2019;178.157
Todas las edades;Mujeres;09 Burgos;1 de enero de 2018;178.283
Todas las edades;Mujeres;09 Burgos;1 de enero de 2017;178.830
Todas las edades;Mujeres;09 Burgos;1 de enero de 2016;179.806
Todas las edades;Mujeres;09 Burgos;1 de enero de 2015;180.863
Todas las edades;Mujeres;09 Burgos;1 de enero de 2014;181.711
Todas las edades;Mujeres;09 Burgos;1 de enero de 2013;182.933
Todas las edades;Mujeres;09 Burgos;1 de enero de 2012;184.035
Todas las edades;Mujeres;10 Cáceres;1 de enero de 2021;196.557
Todas las edades;Mujeres;10 Cáceres;1 de enero de 2020;197.600
Todas las edades;Mujeres;10 Cáceres;1 de enero de 2019;198.266
Todas las edades;Mujeres;10 Cáceres;1 de enero de 2018;199.366
Todas las edades;Mujeres;10 Cáceres;1 de enero de 2017;200.779
Todas las edades;Mujeres;10 Cáceres;1 de enero de 2016;202.175
Todas las edades;Mujeres;10 Cáceres;1 de enero de 2015;203.454
Todas las edades;Mujeres;10 Cáceres;1 de enero de 2014;204.323
Todas las edades;Mujeres;10 Cáceres;1 de enero de 2013;205.318
Todas las edades;Mujeres;10 Cáceres;1 de enero de 2012;206.406
Todas las edades;Mujeres;11 Cádiz;1 de enero de 2021;633.278
Todas las edades;Mujeres;11 Cádiz;1 de enero de 2020;631.093
Todas las edades;Mujeres;11 Cádiz;1 de enero de 2019;628.535
Todas las edades;Mujeres;11 Cádiz;1 de enero de 2018;628.067
Todas las edades;Mujeres;11 Cádiz;1 de enero de 2017;627.486
Todas las edades;Mujeres;11 Cádiz;1 de enero de 2016;626.945
Todas las edades;Mujeres;11 Cádiz;1 de enero de 2015;626.942
Todas las edades;Mujeres;11 Cádiz;1 de enero de 2014;626.329
Todas las edades;Mujeres;11 Cádiz;1 de enero de 2013;626.129
Todas las edades;Mujeres;11 Cádiz;1 de enero de 2012;624.899
Todas las edades;Mujeres;39 Cantabria;1 de enero de 2021;300.854
Todas las edades;Mujeres;39 Cantabria;1 de enero de 2020;299.894
Todas las edades;Mujeres;39 Cantabria;1 de enero de 2019;299.181
Todas las edades;Mujeres;39 Cantabria;1 de enero de 2018;298.542
Todas las edades;Mujeres;39 Cantabria;1 de enero de 2017;298.111
Todas las edades;Mujeres;39 Cantabria;1 de enero de 2016;298.455
Todas las edades;Mujeres;39 Cantabria;1 de enero de 2015;299.445
Todas las edades;Mujeres;39 Cantabria;1 de enero de 2014;300.373
Todas las edades;Mujeres;39 Cantabria;1 de enero de 2013;301.299
Todas las edades;Mujeres;39 Cantabria;1 de enero de 2012;302.254
Todas las edades;Mujeres;12 Castellón/Castelló;1 de enero de 2021;295.775
Todas las edades;Mujeres;12 Castellón/Castelló;1 de enero de 2020;293.984
Todas las edades;Mujeres;12 Castellón/Castelló;1 de enero de 2019;291.540
Todas las edades;Mujeres;12 Castellón/Castelló;1 de enero de 2018;289.957
Todas las edades;Mujeres;12 Castellón/Castelló;1 de enero de 2017;289.458
Todas las edades;Mujeres;12 Castellón/Castelló;1 de enero de 2016;289.231
Todas las edades;Mujeres;12 Castellón/Castelló;1 de enero de 2015;290.085
Todas las edades;Mujeres;12 Castellón/Castelló;1 de enero de 2014;291.026
Todas las edades;Mujeres;12 Castellón/Castelló;1 de enero de 2013;293.499
Todas las edades;Mujeres;12 Castellón/Castelló;1 de enero de 2012;296.255
Todas las edades;Mujeres;13 Ciudad Real;1 de enero de 2021;248.788
Todas las edades;Mujeres;13 Ciudad Real;1 de enero de 2020;249.824
Todas las edades;Mujeres;13 Ciudad Real;1 de enero de 2019;250.372
Todas las edades;Mujeres;13 Ciudad Real;1 de enero de 2018;252.005
Todas las edades;Mujeres;13 Ciudad Real;1 de enero de 2017;254.460
Todas las edades;Mujeres;13 Ciudad Real;1 de enero de 2016;256.230
Todas las edades;Mujeres;13 Ciudad Real;1 de enero de 2015;258.740
Todas las edades;Mujeres;13 Ciudad Real;1 de enero de 2014;260.508
Todas las edades;Mujeres;13 Ciudad Real;1 de enero de 2013;262.535
Todas las edades;Mujeres;13 Ciudad Real;1 de enero de 2012;264.134
Todas las edades;Mujeres;14 Córdoba;1 de enero de 2021;396.763
Todas las edades;Mujeres;14 Córdoba;1 de enero de 2020;398.189
Todas las edades;Mujeres;14 Córdoba;1 de enero de 2019;398.040
Todas las edades;Mujeres;14 Córdoba;1 de enero de 2018;399.266
Todas las edades;Mujeres;14 Córdoba;1 de enero de 2017;401.071
Todas las edades;Mujeres;14 Córdoba;1 de enero de 2016;402.554
Todas las edades;Mujeres;14 Córdoba;1 de enero de 2015;404.291
Todas las edades;Mujeres;14 Córdoba;1 de enero de 2014;405.418
Todas las edades;Mujeres;14 Córdoba;1 de enero de 2013;406.913
Todas las edades;Mujeres;14 Córdoba;1 de enero de 2012;408.212
Todas las edades;Mujeres;15 Coruña, A;1 de enero de 2021;583.140
Todas las edades;Mujeres;15 Coruña, A;1 de enero de 2020;583.841
Todas las edades;Mujeres;15 Coruña, A;1 de enero de 2019;582.885
Todas las edades;Mujeres;15 Coruña, A;1 de enero de 2018;582.426
Todas las edades;Mujeres;15 Coruña, A;1 de enero de 2017;582.251
Todas las edades;Mujeres;15 Coruña, A;1 de enero de 2016;583.268
Todas las edades;Mujeres;15 Coruña, A;1 de enero de 2015;585.225
Todas las edades;Mujeres;15 Coruña, A;1 de enero de 2014;587.695
Todas las edades;Mujeres;15 Coruña, A;1 de enero de 2013;590.224
Todas las edades;Mujeres;15 Coruña, A;1 de enero de 2012;591.913
Todas las edades;Mujeres;16 Cuenca;1 de enero de 2021;97.762
Todas las edades;Mujeres;16 Cuenca;1 de enero de 2020;98.208
Todas las edades;Mujeres;16 Cuenca;1 de enero de 2019;98.198
Todas las edades;Mujeres;16 Cuenca;1 de enero de 2018;98.749
Todas las edades;Mujeres;16 Cuenca;1 de enero de 2017;99.424
Todas las edades;Mujeres;16 Cuenca;1 de enero de 2016;100.420
Todas las edades;Mujeres;16 Cuenca;1 de enero de 2015;101.704
Todas las edades;Mujeres;16 Cuenca;1 de enero de 2014;102.792
Todas las edades;Mujeres;16 Cuenca;1 de enero de 2013;104.253
Todas las edades;Mujeres;16 Cuenca;1 de enero de 2012;105.971
Todas las edades;Mujeres;20 Gipuzkoa;1 de enero de 2021;371.015
Todas las edades;Mujeres;20 Gipuzkoa;1 de enero de 2020;370.615
Todas las edades;Mujeres;20 Gipuzkoa;1 de enero de 2019;368.296
Todas las edades;Mujeres;20 Gipuzkoa;1 de enero de 2018;366.575
Todas las edades;Mujeres;20 Gipuzkoa;1 de enero de 2017;365.227
Todas las edades;Mujeres;20 Gipuzkoa;1 de enero de 2016;363.966
Todas las edades;Mujeres;20 Gipuzkoa;1 de enero de 2015;363.008
Todas las edades;Mujeres;20 Gipuzkoa;1 de enero de 2014;362.334
Todas las edades;Mujeres;20 Gipuzkoa;1 de enero de 2013;362.183
Todas las edades;Mujeres;20 Gipuzkoa;1 de enero de 2012;361.550
Todas las edades;Mujeres;17 Girona;1 de enero de 2021;391.572
Todas las edades;Mujeres;17 Girona;1 de enero de 2020;387.797
Todas las edades;Mujeres;17 Girona;1 de enero de 2019;382.538
Todas las edades;Mujeres;17 Girona;1 de enero de 2018;378.156
Todas las edades;Mujeres;17 Girona;1 de enero de 2017;375.021
Todas las edades;Mujeres;17 Girona;1 de enero de 2016;372.534
Todas las edades;Mujeres;17 Girona;1 de enero de 2015;371.015
Todas las edades;Mujeres;17 Girona;1 de enero de 2014;371.269
Todas las edades;Mujeres;17 Girona;1 de enero de 2013;372.890
Todas las edades;Mujeres;17 Girona;1 de enero de 2012;372.721
Todas las edades;Mujeres;18 Granada;1 de enero de 2021;468.653
Todas las edades;Mujeres;18 Granada;1 de enero de 2020;466.951
Todas las edades;Mujeres;18 Granada;1 de enero de 2019;463.997
Todas las edades;Mujeres;18 Granada;1 de enero de 2018;462.697
Todas las edades;Mujeres;18 Granada;1 de enero de 2017;462.186
Todas las edades;Mujeres;18 Granada;1 de enero de 2016;462.425
Todas las edades;Mujeres;18 Granada;1 de enero de 2015;463.269
Todas las edades;Mujeres;18 Granada;1 de enero de 2014;463.659
Todas las edades;Mujeres;18 Granada;1 de enero de 2013;464.159
Todas las edades;Mujeres;18 Granada;1 de enero de 2012;464.408
Todas las edades;Mujeres;19 Guadalajara;1 de enero de 2021;131.095
Todas las edades;Mujeres;19 Guadalajara;1 de enero de 2020;129.647
Todas las edades;Mujeres;19 Guadalajara;1 de enero de 2019;127.821
Todas las edades;Mujeres;19 Guadalajara;1 de enero de 2018;126.292
Todas las edades;Mujeres;19 Guadalajara;1 de enero de 2017;125.754
Todas las edades;Mujeres;19 Guadalajara;1 de enero de 2016;125.024
Todas las edades;Mujeres;19 Guadalajara;1 de enero de 2015;124.911
Todas las edades;Mujeres;19 Guadalajara;1 de enero de 2014;124.992
Todas las edades;Mujeres;19 Guadalajara;1 de enero de 2013;125.432
Todas las edades;Mujeres;19 Guadalajara;1 de enero de 2012;125.531
Todas las edades;Mujeres;21 Huelva;1 de enero de 2021;266.068
Todas las edades;Mujeres;21 Huelva;1 de enero de 2020;265.232
Todas las edades;Mujeres;21 Huelva;1 de enero de 2019;263.407
Todas las edades;Mujeres;21 Huelva;1 de enero de 2018;262.329
Todas las edades;Mujeres;21 Huelva;1 de enero de 2017;261.346
Todas las edades;Mujeres;21 Huelva;1 de enero de 2016;261.998
Todas las edades;Mujeres;21 Huelva;1 de enero de 2015;262.491
Todas las edades;Mujeres;21 Huelva;1 de enero de 2014;262.248
Todas las edades;Mujeres;21 Huelva;1 de enero de 2013;262.104
Todas las edades;Mujeres;21 Huelva;1 de enero de 2012;262.130
Todas las edades;Mujeres;22 Huesca;1 de enero de 2021;110.539
Todas las edades;Mujeres;22 Huesca;1 de enero de 2020;110.109
Todas las edades;Mujeres;22 Huesca;1 de enero de 2019;109.359
Todas las edades;Mujeres;22 Huesca;1 de enero de 2018;109.149
Todas las edades;Mujeres;22 Huesca;1 de enero de 2017;109.117
Todas las edades;Mujeres;22 Huesca;1 de enero de 2016;109.479
Todas las edades;Mujeres;22 Huesca;1 de enero de 2015;109.955
Todas las edades;Mujeres;22 Huesca;1 de enero de 2014;110.311
Todas las edades;Mujeres;22 Huesca;1 de enero de 2013;110.694
Todas las edades;Mujeres;22 Huesca;1 de enero de 2012;111.128
Todas las edades;Mujeres;23 Jaén;1 de enero de 2021;316.638
Todas las edades;Mujeres;23 Jaén;1 de enero de 2020;318.057
Todas las edades;Mujeres;23 Jaén;1 de enero de 2019;319.474
Todas las edades;Mujeres;23 Jaén;1 de enero de 2018;321.516
Todas las edades;Mujeres;23 Jaén;1 de enero de 2017;323.662
Todas las edades;Mujeres;23 Jaén;1 de enero de 2016;325.812
Todas las edades;Mujeres;23 Jaén;1 de enero de 2015;328.334
Todas las edades;Mujeres;23 Jaén;1 de enero de 2014;330.091
Todas las edades;Mujeres;23 Jaén;1 de enero de 2013;331.830
Todas las edades;Mujeres;23 Jaén;1 de enero de 2012;333.500
Todas las edades;Mujeres;24 León;1 de enero de 2021;232.401
Todas las edades;Mujeres;24 León;1 de enero de 2020;234.475
Todas las edades;Mujeres;24 León;1 de enero de 2019;236.114
Todas las edades;Mujeres;24 León;1 de enero de 2018;238.041
Todas las edades;Mujeres;24 León;1 de enero de 2017;240.041
Todas las edades;Mujeres;24 León;1 de enero de 2016;242.439
Todas las edades;Mujeres;24 León;1 de enero de 2015;245.163
Todas las edades;Mujeres;24 León;1 de enero de 2014;247.359
Todas las edades;Mujeres;24 León;1 de enero de 2013;249.864
Todas las edades;Mujeres;24 León;1 de enero de 2012;251.727
Todas las edades;Mujeres;25 Lleida;1 de enero de 2021;215.247
Todas las edades;Mujeres;25 Lleida;1 de enero de 2020;214.602
Todas las edades;Mujeres;25 Lleida;1 de enero de 2019;212.940
Todas las edades;Mujeres;25 Lleida;1 de enero de 2018;212.087
Todas las edades;Mujeres;25 Lleida;1 de enero de 2017;211.773
Todas las edades;Mujeres;25 Lleida;1 de enero de 2016;211.829
Todas las edades;Mujeres;25 Lleida;1 de enero de 2015;212.692
Todas las edades;Mujeres;25 Lleida;1 de enero de 2014;213.202
Todas las edades;Mujeres;25 Lleida;1 de enero de 2013;214.407
Todas las edades;Mujeres;25 Lleida;1 de enero de 2012;215.135
Todas las edades;Mujeres;27 Lugo;1 de enero de 2021;168.065
Todas las edades;Mujeres;27 Lugo;1 de enero de 2020;168.862
Todas las edades;Mujeres;27 Lugo;1 de enero de 2019;169.592
Todas las edades;Mujeres;27 Lugo;1 de enero de 2018;170.501
Todas las edades;Mujeres;27 Lugo;1 de enero de 2017;171.522
Todas las edades;Mujeres;27 Lugo;1 de enero de 2016;172.847
Todas las edades;Mujeres;27 Lugo;1 de enero de 2015;174.145
Todas las edades;Mujeres;27 Lugo;1 de enero de 2014;175.680
Todas las edades;Mujeres;27 Lugo;1 de enero de 2013;177.127
Todas las edades;Mujeres;27 Lugo;1 de enero de 2012;178.452
Todas las edades;Mujeres;28 Madrid;1 de enero de 2021;3.505.239
Todas las edades;Mujeres;28 Madrid;1 de enero de 2020;3.500.401
Todas las edades;Mujeres;28 Madrid;1 de enero de 2019;3.446.033
Todas las edades;Mujeres;28 Madrid;1 de enero de 2018;3.398.209
Todas las edades;Mujeres;28 Madrid;1 de enero de 2017;3.359.538
Todas las edades;Mujeres;28 Madrid;1 de enero de 2016;3.333.297
Todas las edades;Mujeres;28 Madrid;1 de enero de 2015;3.313.672
Todas las edades;Mujeres;28 Madrid;1 de enero de 2014;3.309.768
Todas las edades;Mujeres;28 Madrid;1 de enero de 2013;3.326.346
Todas las edades;Mujeres;28 Madrid;1 de enero de 2012;3.328.114
Todas las edades;Mujeres;29 Málaga;1 de enero de 2021;865.744
Todas las edades;Mujeres;29 Málaga;1 de enero de 2020;858.240
Todas las edades;Mujeres;29 Málaga;1 de enero de 2019;845.886
Todas las edades;Mujeres;29 Málaga;1 de enero de 2018;839.815
Todas las edades;Mujeres;29 Málaga;1 de enero de 2017;835.835
Todas las edades;Mujeres;29 Málaga;1 de enero de 2016;831.807
Todas las edades;Mujeres;29 Málaga;1 de enero de 2015;826.595
Todas las edades;Mujeres;29 Málaga;1 de enero de 2014;820.377
Todas las edades;Mujeres;29 Málaga;1 de enero de 2013;816.131
Todas las edades;Mujeres;29 Málaga;1 de enero de 2012;809.085
Todas las edades;Mujeres;30 Murcia;1 de enero de 2021;757.448
Todas las edades;Mujeres;30 Murcia;1 de enero de 2020;752.935
Todas las edades;Mujeres;30 Murcia;1 de enero de 2019;744.386
Todas las edades;Mujeres;30 Murcia;1 de enero de 2018;737.681
Todas las edades;Mujeres;30 Murcia;1 de enero de 2017;735.485
Todas las edades;Mujeres;30 Murcia;1 de enero de 2016;731.827
Todas las edades;Mujeres;30 Murcia;1 de enero de 2015;729.821
Todas las edades;Mujeres;30 Murcia;1 de enero de 2014;727.981
Todas las edades;Mujeres;30 Murcia;1 de enero de 2013;726.493
Todas las edades;Mujeres;30 Murcia;1 de enero de 2012;724.690
Todas las edades;Mujeres;31 Navarra;1 de enero de 2021;334.092
Todas las edades;Mujeres;31 Navarra;1 de enero de 2020;332.996
Todas las edades;Mujeres;31 Navarra;1 de enero de 2019;329.606
Todas las edades;Mujeres;31 Navarra;1 de enero de 2018;326.150
Todas las edades;Mujeres;31 Navarra;1 de enero de 2017;323.662
Todas las edades;Mujeres;31 Navarra;1 de enero de 2016;321.809
Todas las edades;Mujeres;31 Navarra;1 de enero de 2015;320.954
Todas las edades;Mujeres;31 Navarra;1 de enero de 2014;320.594
Todas las edades;Mujeres;31 Navarra;1 de enero de 2013;321.096
Todas las edades;Mujeres;31 Navarra;1 de enero de 2012;320.933
Todas las edades;Mujeres;32 Ourense;1 de enero de 2021;158.667
Todas las edades;Mujeres;32 Ourense;1 de enero de 2020;159.488
Todas las edades;Mujeres;32 Ourense;1 de enero de 2019;159.865
Todas las edades;Mujeres;32 Ourense;1 de enero de 2018;160.438
Todas las edades;Mujeres;32 Ourense;1 de enero de 2017;161.398
Todas las edades;Mujeres;32 Ourense;1 de enero de 2016;162.992
Todas las edades;Mujeres;32 Ourense;1 de enero de 2015;164.793
Todas las edades;Mujeres;32 Ourense;1 de enero de 2014;166.295
Todas las edades;Mujeres;32 Ourense;1 de enero de 2013;168.074
Todas las edades;Mujeres;32 Ourense;1 de enero de 2012;169.670
Todas las edades;Mujeres;34 Palencia;1 de enero de 2021;80.263
Todas las edades;Mujeres;34 Palencia;1 de enero de 2020;80.835
Todas las edades;Mujeres;34 Palencia;1 de enero de 2019;81.173
Todas las edades;Mujeres;34 Palencia;1 de enero de 2018;81.668
Todas las edades;Mujeres;34 Palencia;1 de enero de 2017;82.315
Todas las edades;Mujeres;34 Palencia;1 de enero de 2016;82.882
Todas las edades;Mujeres;34 Palencia;1 de enero de 2015;83.696
Todas las edades;Mujeres;34 Palencia;1 de enero de 2014;84.414
Todas las edades;Mujeres;34 Palencia;1 de enero de 2013;85.074
Todas las edades;Mujeres;34 Palencia;1 de enero de 2012;85.885
Todas las edades;Mujeres;35 Palmas, Las;1 de enero de 2021;568.199
Todas las edades;Mujeres;35 Palmas, Las;1 de enero de 2020;567.533
Todas las edades;Mujeres;35 Palmas, Las;1 de enero de 2019;562.394
Todas las edades;Mujeres;35 Palmas, Las;1 de enero de 2018;557.191
Todas las edades;Mujeres;35 Palmas, Las;1 de enero de 2017;553.528
Todas las edades;Mujeres;35 Palmas, Las;1 de enero de 2016;550.311
Todas las edades;Mujeres;35 Palmas, Las;1 de enero de 2015;548.676
Todas las edades;Mujeres;35 Palmas, Las;1 de enero de 2014;547.030
Todas las edades;Mujeres;35 Palmas, Las;1 de enero de 2013;546.305
Todas las edades;Mujeres;35 Palmas, Las;1 de enero de 2012;542.836
Todas las edades;Mujeres;36 Pontevedra;1 de enero de 2021;488.814
Todas las edades;Mujeres;36 Pontevedra;1 de enero de 2020;488.554
Todas las edades;Mujeres;36 Pontevedra;1 de enero de 2019;486.486
Todas las edades;Mujeres;36 Pontevedra;1 de enero de 2018;485.991
Todas las edades;Mujeres;36 Pontevedra;1 de enero de 2017;486.325
Todas las edades;Mujeres;36 Pontevedra;1 de enero de 2016;486.994
Todas las edades;Mujeres;36 Pontevedra;1 de enero de 2015;488.236
Todas las edades;Mujeres;36 Pontevedra;1 de enero de 2014;488.927
Todas las edades;Mujeres;36 Pontevedra;1 de enero de 2013;490.207
Todas las edades;Mujeres;36 Pontevedra;1 de enero de 2012;491.025
Todas las edades;Mujeres;26 Rioja, La;1 de enero de 2021;161.681
Todas las edades;Mujeres;26 Rioja, La;1 de enero de 2020;161.367
Todas las edades;Mujeres;26 Rioja, La;1 de enero de 2019;160.012
Todas las edades;Mujeres;26 Rioja, La;1 de enero de 2018;159.308
Todas las edades;Mujeres;26 Rioja, La;1 de enero de 2017;158.958
Todas las edades;Mujeres;26 Rioja, La;1 de enero de 2016;158.821
Todas las edades;Mujeres;26 Rioja, La;1 de enero de 2015;158.930
Todas las edades;Mujeres;26 Rioja, La;1 de enero de 2014;159.217
Todas las edades;Mujeres;26 Rioja, La;1 de enero de 2013;160.150
Todas las edades;Mujeres;26 Rioja, La;1 de enero de 2012;160.633
Todas las edades;Mujeres;37 Salamanca;1 de enero de 2021;168.533
Todas las edades;Mujeres;37 Salamanca;1 de enero de 2020;169.938
Todas las edades;Mujeres;37 Salamanca;1 de enero de 2019;170.487
Todas las edades;Mujeres;37 Salamanca;1 de enero de 2018;171.162
Todas las edades;Mujeres;37 Salamanca;1 de enero de 2017;172.112
Todas las edades;Mujeres;37 Salamanca;1 de enero de 2016;173.313
Todas las edades;Mujeres;37 Salamanca;1 de enero de 2015;174.844
Todas las edades;Mujeres;37 Salamanca;1 de enero de 2014;175.965
Todas las edades;Mujeres;37 Salamanca;1 de enero de 2013;177.184
Todas las edades;Mujeres;37 Salamanca;1 de enero de 2012;178.399
Todas las edades;Mujeres;38 Santa Cruz de Tenerife;1 de enero de 2021;532.865
Todas las edades;Mujeres;38 Santa Cruz de Tenerife;1 de enero de 2020;530.958
Todas las edades;Mujeres;38 Santa Cruz de Tenerife;1 de enero de 2019;523.392
Todas las edades;Mujeres;38 Santa Cruz de Tenerife;1 de enero de 2018;516.903
Todas las edades;Mujeres;38 Santa Cruz de Tenerife;1 de enero de 2017;511.278
Todas las edades;Mujeres;38 Santa Cruz de Tenerife;1 de enero de 2016;507.805
Todas las edades;Mujeres;38 Santa Cruz de Tenerife;1 de enero de 2015;507.247
Todas las edades;Mujeres;38 Santa Cruz de Tenerife;1 de enero de 2014;506.472
Todas las edades;Mujeres;38 Santa Cruz de Tenerife;1 de enero de 2013;504.881
Todas las edades;Mujeres;38 Santa Cruz de Tenerife;1 de enero de 2012;502.146
Todas las edades;Mujeres;40 Segovia;1 de enero de 2021;76.474
Todas las edades;Mujeres;40 Segovia;1 de enero de 2020;76.390
Todas las edades;Mujeres;40 Segovia;1 de enero de 2019;76.310
Todas las edades;Mujeres;40 Segovia;1 de enero de 2018;76.421
Todas las edades;Mujeres;40 Segovia;1 de enero de 2017;76.760
Todas las edades;Mujeres;40 Segovia;1 de enero de 2016;77.196
Todas las edades;Mujeres;40 Segovia;1 de enero de 2015;77.882
Todas las edades;Mujeres;40 Segovia;1 de enero de 2014;78.458
Todas las edades;Mujeres;40 Segovia;1 de enero de 2013;79.628
Todas las edades;Mujeres;40 Segovia;1 de enero de 2012;80.458
Todas las edades;Mujeres;41 Sevilla;1 de enero de 2021;997.433
Todas las edades;Mujeres;41 Sevilla;1 de enero de 2020;995.725
Todas las edades;Mujeres;41 Sevilla;1 de enero de 2019;991.912
Todas las edades;Mujeres;41 Sevilla;1 de enero de 2018;989.666
Todas las edades;Mujeres;41 Sevilla;1 de enero de 2017;988.605
Todas las edades;Mujeres;41 Sevilla;1 de enero de 2016;987.585
Todas las edades;Mujeres;41 Sevilla;1 de enero de 2015;987.170
Todas las edades;Mujeres;41 Sevilla;1 de enero de 2014;986.431
Todas las edades;Mujeres;41 Sevilla;1 de enero de 2013;986.621
Todas las edades;Mujeres;41 Sevilla;1 de enero de 2012;984.746
Todas las edades;Mujeres;42 Soria;1 de enero de 2021;43.857
Todas las edades;Mujeres;42 Soria;1 de enero de 2020;44.095
Todas las edades;Mujeres;42 Soria;1 de enero de 2019;43.970
Todas las edades;Mujeres;42 Soria;1 de enero de 2018;44.098
Todas las edades;Mujeres;42 Soria;1 de enero de 2017;44.201
Todas las edades;Mujeres;42 Soria;1 de enero de 2016;44.597
Todas las edades;Mujeres;42 Soria;1 de enero de 2015;45.081
Todas las edades;Mujeres;42 Soria;1 de enero de 2014;45.533
Todas las edades;Mujeres;42 Soria;1 de enero de 2013;45.944
Todas las edades;Mujeres;42 Soria;1 de enero de 2012;46.486
Todas las edades;Mujeres;43 Tarragona;1 de enero de 2021;411.882
Todas las edades;Mujeres;43 Tarragona;1 de enero de 2020;407.938
Todas las edades;Mujeres;43 Tarragona;1 de enero de 2019;402.283
Todas las edades;Mujeres;43 Tarragona;1 de enero de 2018;398.553
Todas las edades;Mujeres;43 Tarragona;1 de enero de 2017;396.615
Todas las edades;Mujeres;43 Tarragona;1 de enero de 2016;395.656
Todas las edades;Mujeres;43 Tarragona;1 de enero de 2015;395.578
Todas las edades;Mujeres;43 Tarragona;1 de enero de 2014;396.031
Todas las edades;Mujeres;43 Tarragona;1 de enero de 2013;398.329
Todas las edades;Mujeres;43 Tarragona;1 de enero de 2012;399.394
Todas las edades;Mujeres;44 Teruel;1 de enero de 2021;66.116
Todas las edades;Mujeres;44 Teruel;1 de enero de 2020;66.098
Todas las edades;Mujeres;44 Teruel;1 de enero de 2019;66.087
Todas las edades;Mujeres;44 Teruel;1 de enero de 2018;66.338
Todas las edades;Mujeres;44 Teruel;1 de enero de 2017;66.690
Todas las edades;Mujeres;44 Teruel;1 de enero de 2016;67.095
Todas las edades;Mujeres;44 Teruel;1 de enero de 2015;67.719
Todas las edades;Mujeres;44 Teruel;1 de enero de 2014;68.339
Todas las edades;Mujeres;44 Teruel;1 de enero de 2013;69.039
Todas las edades;Mujeres;44 Teruel;1 de enero de 2012;69.678
Todas las edades;Mujeres;45 Toledo;1 de enero de 2021;352.925
Todas las edades;Mujeres;45 Toledo;1 de enero de 2020;350.017
Todas las edades;Mujeres;45 Toledo;1 de enero de 2019;345.673
Todas las edades;Mujeres;45 Toledo;1 de enero de 2018;342.748
Todas las edades;Mujeres;45 Toledo;1 de enero de 2017;342.242
Todas las edades;Mujeres;45 Toledo;1 de enero de 2016;342.253
Todas las edades;Mujeres;45 Toledo;1 de enero de 2015;343.039
Todas las edades;Mujeres;45 Toledo;1 de enero de 2014;344.299
Todas las edades;Mujeres;45 Toledo;1 de enero de 2013;346.708
Todas las edades;Mujeres;45 Toledo;1 de enero de 2012;347.143
Todas las edades;Mujeres;46 Valencia/València;1 de enero de 2021;1.322.582
Todas las edades;Mujeres;46 Valencia/València;1 de enero de 2020;1.318.144
Todas las edades;Mujeres;46 Valencia/València;1 de enero de 2019;1.302.399
Todas las edades;Mujeres;46 Valencia/València;1 de enero de 2018;1.295.406
Todas las edades;Mujeres;46 Valencia/València;1 de enero de 2017;1.288.917
Todas las edades;Mujeres;46 Valencia/València;1 de enero de 2016;1.285.162
Todas las edades;Mujeres;46 Valencia/València;1 de enero de 2015;1.285.233
Todas las edades;Mujeres;46 Valencia/València;1 de enero de 2014;1.285.949
Todas las edades;Mujeres;46 Valencia/València;1 de enero de 2013;1.292.282
Todas las edades;Mujeres;46 Valencia/València;1 de enero de 2012;1.296.975
Todas las edades;Mujeres;47 Valladolid;1 de enero de 2021;266.381
Todas las edades;Mujeres;47 Valladolid;1 de enero de 2020;267.046
Todas las edades;Mujeres;47 Valladolid;1 de enero de 2019;266.548
Todas las edades;Mujeres;47 Valladolid;1 de enero de 2018;266.694
Todas las edades;Mujeres;47 Valladolid;1 de enero de 2017;267.368
Todas las edades;Mujeres;47 Valladolid;1 de enero de 2016;268.146
Todas las edades;Mujeres;47 Valladolid;1 de enero de 2015;269.139
Todas las edades;Mujeres;47 Valladolid;1 de enero de 2014;269.538
Todas las edades;Mujeres;47 Valladolid;1 de enero de 2013;270.655
Todas las edades;Mujeres;47 Valladolid;1 de enero de 2012;271.394
Todas las edades;Mujeres;49 Zamora;1 de enero de 2021;85.341
Todas las edades;Mujeres;49 Zamora;1 de enero de 2020;86.465
Todas las edades;Mujeres;49 Zamora;1 de enero de 2019;87.495
Todas las edades;Mujeres;49 Zamora;1 de enero de 2018;88.633
Todas las edades;Mujeres;49 Zamora;1 de enero de 2017;89.857
Todas las edades;Mujeres;49 Zamora;1 de enero de 2016;91.270
Todas las edades;Mujeres;49 Zamora;1 de enero de 2015;92.632
Todas las edades;Mujeres;49 Zamora;1 de enero de 2014;93.712
Todas las edades;Mujeres;49 Zamora;1 de enero de 2013;95.044
Todas las edades;Mujeres;49 Zamora;1 de enero de 2012;96.244
Todas las edades;Mujeres;50 Zaragoza;1 de enero de 2021;497.020
Todas las edades;Mujeres;50 Zaragoza;1 de enero de 2020;497.106
Todas las edades;Mujeres;50 Zaragoza;1 de enero de 2019;492.924
Todas las edades;Mujeres;50 Zaragoza;1 de enero de 2018;488.739
Todas las edades;Mujeres;50 Zaragoza;1 de enero de 2017;488.850
Todas las edades;Mujeres;50 Zaragoza;1 de enero de 2016;488.542
Todas las edades;Mujeres;50 Zaragoza;1 de enero de 2015;490.055
Todas las edades;Mujeres;50 Zaragoza;1 de enero de 2014;491.074
Todas las edades;Mujeres;50 Zaragoza;1 de enero de 2013;492.530
Todas las edades;Mujeres;50 Zaragoza;1 de enero de 2012;493.351
Todas las edades;Mujeres;51 Ceuta;1 de enero de 2021;41.535
Todas las edades;Mujeres;51 Ceuta;1 de enero de 2020;41.762
Todas las edades;Mujeres;51 Ceuta;1 de enero de 2019;41.936
Todas las edades;Mujeres;51 Ceuta;1 de enero de 2018;41.999
Todas las edades;Mujeres;51 Ceuta;1 de enero de 2017;41.819
Todas las edades;Mujeres;51 Ceuta;1 de enero de 2016;41.579
Todas las edades;Mujeres;51 Ceuta;1 de enero de 2015;41.512
Todas las edades;Mujeres;51 Ceuta;1 de enero de 2014;41.365
Todas las edades;Mujeres;51 Ceuta;1 de enero de 2013;41.187
Todas las edades;Mujeres;51 Ceuta;1 de enero de 2012;40.877
Todas las edades;Mujeres;52 Melilla;1 de enero de 2021;42.627
Todas las edades;Mujeres;52 Melilla;1 de enero de 2020;42.566
Todas las edades;Mujeres;52 Melilla;1 de enero de 2019;42.324
Todas las edades;Mujeres;52 Melilla;1 de enero de 2018;42.224
Todas las edades;Mujeres;52 Melilla;1 de enero de 2017;42.046
Todas las edades;Mujeres;52 Melilla;1 de enero de 2016;41.749
Todas las edades;Mujeres;52 Melilla;1 de enero de 2015;41.451
Todas las edades;Mujeres;52 Melilla;1 de enero de 2014;41.006
Todas las edades;Mujeres;52 Melilla;1 de enero de 2013;40.479
Todas las edades;Mujeres;52 Melilla;1 de enero de 2012;39.476
