Diagnóstico_ID,Año,Diagnóstico,Sexo,Provincia,Provincia_ID,Hospitalizaciones
1,2019,"Neoplasia maligna de tráquea, bronquios y pulmón",Hombres,A Coruña,15,6489
1,2019,"Neoplasia maligna de tráquea, bronquios y pulmón",Hombres,Albacete,2,1654
1,2019,"Neoplasia maligna de tráquea, bronquios y pulmón",Hombres,Alicante,3,9055
1,2019,"Neoplasia maligna de tráquea, bronquios y pulmón",Hombres,Almería,4,3614
1,2019,"Neoplasia maligna de tráquea, bronquios y pulmón",Hombres,Asturias,33,6114
1,2019,"Neoplasia maligna de tráquea, bronquios y pulmón",Hombres,Badajoz,6,3671
1,2019,"Neoplasia maligna de tráquea, bronquios y pulmón",Hombres,Barcelona,8,45221
1,2019,"Neoplasia maligna de tráquea, bronquios y pulmón",Hombres,Bizkaia,48,6093
1,2019,"Neoplasia maligna de tráquea, bronquios y pulmón",Hombres,Burgos,9,254
1,2019,"Neoplasia maligna de tráquea, bronquios y pulmón",Hombres,Cantabria,39,2611
1,2019,"Neoplasia maligna de tráquea, bronquios y pulmón",Hombres,Castellón,12,4176
1,2019,"Neoplasia maligna de tráquea, bronquios y pulmón",Hombres,Ceuta,51,2990
1,2019,"Neoplasia maligna de tráquea, bronquios y pulmón",Hombres,Ciudad Real,13,3944
1,2019,"Neoplasia maligna de tráquea, bronquios y pulmón",Hombres,Cuenca,16,5810
1,2019,"Neoplasia maligna de tráquea, bronquios y pulmón",Hombres,Cáceres,10,2571
1,2019,"Neoplasia maligna de tráquea, bronquios y pulmón",Hombres,Cádiz,11,6472
1,2019,"Neoplasia maligna de tráquea, bronquios y pulmón",Hombres,Córdoba,14,2617
1,2019,"Neoplasia maligna de tráquea, bronquios y pulmón",Hombres,Gipuzkoa,20,4267
1,2019,"Neoplasia maligna de tráquea, bronquios y pulmón",Hombres,Girona,17,4903
1,2019,"Neoplasia maligna de tráquea, bronquios y pulmón",Hombres,Granada,18,3854
1,2019,"Neoplasia maligna de tráquea, bronquios y pulmón",Hombres,Guadalajara,19,5800
1,2019,"Neoplasia maligna de tráquea, bronquios y pulmón",Hombres,Huelva,21,2534
1,2019,"Neoplasia maligna de tráquea, bronquios y pulmón",Hombres,Huesca,22,1443
1,2019,"Neoplasia maligna de tráquea, bronquios y pulmón",Hombres,Islas Baleares,7,6776
1,2019,"Neoplasia maligna de tráquea, bronquios y pulmón",Hombres,Jaén,23,2414
1,2019,"Neoplasia maligna de tráquea, bronquios y pulmón",Hombres,La Rioja,26,1868
1,2019,"Neoplasia maligna de tráquea, bronquios y pulmón",Hombres,León,24,3043
1,2019,"Neoplasia maligna de tráquea, bronquios y pulmón",Hombres,Lleida,25,2728
1,2019,"Neoplasia maligna de tráquea, bronquios y pulmón",Hombres,Lugo,27,1324
1,2019,"Neoplasia maligna de tráquea, bronquios y pulmón",Hombres,Madrid,28,32454
1,2019,"Neoplasia maligna de tráquea, bronquios y pulmón",Hombres,Melilla,52,1970
1,2019,"Neoplasia maligna de tráquea, bronquios y pulmón",Hombres,Murcia,30,7629
1,2019,"Neoplasia maligna de tráquea, bronquios y pulmón",Hombres,Málaga,29,7155
1,2019,"Neoplasia maligna de tráquea, bronquios y pulmón",Hombres,Navarra,31,3847
1,2019,"Neoplasia maligna de tráquea, bronquios y pulmón",Hombres,Ourense,32,1925
1,2019,"Neoplasia maligna de tráquea, bronquios y pulmón",Hombres,Palencia,34,1482
1,2019,"Neoplasia maligna de tráquea, bronquios y pulmón",Hombres,Pontevedra,36,4113
1,2019,"Neoplasia maligna de tráquea, bronquios y pulmón",Hombres,Salamanca,37,1452
1,2019,"Neoplasia maligna de tráquea, bronquios y pulmón",Hombres,Santa Cruz de Tenerife,38,4069
1,2019,"Neoplasia maligna de tráquea, bronquios y pulmón",Hombres,Segovia,40,7550
1,2019,"Neoplasia maligna de tráquea, bronquios y pulmón",Hombres,Sevilla,41,8239
1,2019,"Neoplasia maligna de tráquea, bronquios y pulmón",Hombres,Soria,42,6340
1,2019,"Neoplasia maligna de tráquea, bronquios y pulmón",Hombres,Tarragona,43,5644
1,2019,"Neoplasia maligna de tráquea, bronquios y pulmón",Hombres,Teruel,44,7230
1,2019,"Neoplasia maligna de tráquea, bronquios y pulmón",Hombres,Toledo,45,3364
1,2019,"Neoplasia maligna de tráquea, bronquios y pulmón",Hombres,Valencia,46,13321
1,2019,"Neoplasia maligna de tráquea, bronquios y pulmón",Hombres,Valladolid,47,2698
1,2019,"Neoplasia maligna de tráquea, bronquios y pulmón",Hombres,Zamora,49,1166
1,2019,"Neoplasia maligna de tráquea, bronquios y pulmón",Hombres,Zaragoza,50,7324
1,2019,"Neoplasia maligna de tráquea, bronquios y pulmón",Hombres,Álava,1,1805
1,2019,"Neoplasia maligna de tráquea, bronquios y pulmón",Hombres,Ávila,5,1349
1,2019,"Neoplasia maligna de tráquea, bronquios y pulmón",Mujeres,A Coruña,15,2328
1,2019,"Neoplasia maligna de tráquea, bronquios y pulmón",Mujeres,Albacete,2,4930
1,2019,"Neoplasia maligna de tráquea, bronquios y pulmón",Mujeres,Alicante,3,3878
1,2019,"Neoplasia maligna de tráquea, bronquios y pulmón",Mujeres,Almería,4,8720
1,2019,"Neoplasia maligna de tráquea, bronquios y pulmón",Mujeres,Asturias,33,2886
1,2019,"Neoplasia maligna de tráquea, bronquios y pulmón",Mujeres,Badajoz,6,1062
1,2019,"Neoplasia maligna de tráquea, bronquios y pulmón",Mujeres,Barcelona,8,16906
1,2019,"Neoplasia maligna de tráquea, bronquios y pulmón",Mujeres,Bizkaia,48,2419
1,2019,"Neoplasia maligna de tráquea, bronquios y pulmón",Mujeres,Burgos,9,7470
1,2019,"Neoplasia maligna de tráquea, bronquios y pulmón",Mujeres,Cantabria,39,9570
1,2019,"Neoplasia maligna de tráquea, bronquios y pulmón",Mujeres,Castellón,12,1407
1,2019,"Neoplasia maligna de tráquea, bronquios y pulmón",Mujeres,Ceuta,51,1620
1,2019,"Neoplasia maligna de tráquea, bronquios y pulmón",Mujeres,Ciudad Real,13,9010
1,2019,"Neoplasia maligna de tráquea, bronquios y pulmón",Mujeres,Cuenca,16,2260
1,2019,"Neoplasia maligna de tráquea, bronquios y pulmón",Mujeres,Cáceres,10,4670
1,2019,"Neoplasia maligna de tráquea, bronquios y pulmón",Mujeres,Cádiz,11,167
1,2019,"Neoplasia maligna de tráquea, bronquios y pulmón",Mujeres,Córdoba,14,6860
1,2019,"Neoplasia maligna de tráquea, bronquios y pulmón",Mujeres,Gipuzkoa,20,1261
1,2019,"Neoplasia maligna de tráquea, bronquios y pulmón",Mujeres,Girona,17,2496
1,2019,"Neoplasia maligna de tráquea, bronquios y pulmón",Mujeres,Granada,18,1518
1,2019,"Neoplasia maligna de tráquea, bronquios y pulmón",Mujeres,Guadalajara,19,1300
1,2019,"Neoplasia maligna de tráquea, bronquios y pulmón",Mujeres,Huelva,21,6010
1,2019,"Neoplasia maligna de tráquea, bronquios y pulmón",Mujeres,Huesca,22,5230
1,2019,"Neoplasia maligna de tráquea, bronquios y pulmón",Mujeres,Islas Baleares,7,2421
1,2019,"Neoplasia maligna de tráquea, bronquios y pulmón",Mujeres,Jaén,23,4830
1,2019,"Neoplasia maligna de tráquea, bronquios y pulmón",Mujeres,La Rioja,26,7710
1,2019,"Neoplasia maligna de tráquea, bronquios y pulmón",Mujeres,León,24,8130
1,2019,"Neoplasia maligna de tráquea, bronquios y pulmón",Mujeres,Lleida,25,6620
1,2019,"Neoplasia maligna de tráquea, bronquios y pulmón",Mujeres,Lugo,27,5980
1,2019,"Neoplasia maligna de tráquea, bronquios y pulmón",Mujeres,Madrid,28,14456
1,2019,"Neoplasia maligna de tráquea, bronquios y pulmón",Mujeres,Melilla,52,950
1,2019,"Neoplasia maligna de tráquea, bronquios y pulmón",Mujeres,Murcia,30,2119
1,2019,"Neoplasia maligna de tráquea, bronquios y pulmón",Mujeres,Málaga,29,2526
1,2019,"Neoplasia maligna de tráquea, bronquios y pulmón",Mujeres,Navarra,31,1488
1,2019,"Neoplasia maligna de tráquea, bronquios y pulmón",Mujeres,Ourense,32,3900
1,2019,"Neoplasia maligna de tráquea, bronquios y pulmón",Mujeres,Palencia,34,3390
1,2019,"Neoplasia maligna de tráquea, bronquios y pulmón",Mujeres,Pontevedra,36,1498
1,2019,"Neoplasia maligna de tráquea, bronquios y pulmón",Mujeres,Salamanca,37,4480
1,2019,"Neoplasia maligna de tráquea, bronquios y pulmón",Mujeres,Santa Cruz de Tenerife,38,2017
1,2019,"Neoplasia maligna de tráquea, bronquios y pulmón",Mujeres,Segovia,40,1630
1,2019,"Neoplasia maligna de tráquea, bronquios y pulmón",Mujeres,Sevilla,41,2179
1,2019,"Neoplasia maligna de tráquea, bronquios y pulmón",Mujeres,Soria,42,400
1,2019,"Neoplasia maligna de tráquea, bronquios y pulmón",Mujeres,Tarragona,43,2485
1,2019,"Neoplasia maligna de tráquea, bronquios y pulmón",Mujeres,Teruel,44,1070
1,2019,"Neoplasia maligna de tráquea, bronquios y pulmón",Mujeres,Toledo,45,7460
1,2019,"Neoplasia maligna de tráquea, bronquios y pulmón",Mujeres,Valencia,46,511
1,2019,"Neoplasia maligna de tráquea, bronquios y pulmón",Mujeres,Valladolid,47,1092
1,2019,"Neoplasia maligna de tráquea, bronquios y pulmón",Mujeres,Zamora,49,4400
1,2019,"Neoplasia maligna de tráquea, bronquios y pulmón",Mujeres,Zaragoza,50,2113
1,2019,"Neoplasia maligna de tráquea, bronquios y pulmón",Mujeres,Álava,1,6060
1,2019,"Neoplasia maligna de tráquea, bronquios y pulmón",Mujeres,Ávila,5,3140
2,2019,Enfermedades de la circulación pulmonar,Hombres,A Coruña,15,1995
2,2019,Enfermedades de la circulación pulmonar,Hombres,Albacete,2,8260
2,2019,Enfermedades de la circulación pulmonar,Hombres,Alicante,3,2666
2,2019,Enfermedades de la circulación pulmonar,Hombres,Almería,4,9680
2,2019,Enfermedades de la circulación pulmonar,Hombres,Asturias,33,2491
2,2019,Enfermedades de la circulación pulmonar,Hombres,Badajoz,6,1941
2,2019,Enfermedades de la circulación pulmonar,Hombres,Barcelona,8,12461
2,2019,Enfermedades de la circulación pulmonar,Hombres,Bizkaia,48,22
2,2019,Enfermedades de la circulación pulmonar,Hombres,Burgos,9,1054
2,2019,Enfermedades de la circulación pulmonar,Hombres,Cantabria,39,1333
2,2019,Enfermedades de la circulación pulmonar,Hombres,Castellón,12,7120
2,2019,Enfermedades de la circulación pulmonar,Hombres,Ceuta,51,1140
2,2019,Enfermedades de la circulación pulmonar,Hombres,Ciudad Real,13,1326
2,2019,Enfermedades de la circulación pulmonar,Hombres,Cuenca,16,3880
2,2019,Enfermedades de la circulación pulmonar,Hombres,Cáceres,10,8530
2,2019,Enfermedades de la circulación pulmonar,Hombres,Cádiz,11,1465
2,2019,Enfermedades de la circulación pulmonar,Hombres,Córdoba,14,1386
2,2019,Enfermedades de la circulación pulmonar,Hombres,Gipuzkoa,20,1038
2,2019,Enfermedades de la circulación pulmonar,Hombres,Girona,17,9680
2,2019,Enfermedades de la circulación pulmonar,Hombres,Granada,18,1911
2,2019,Enfermedades de la circulación pulmonar,Hombres,Guadalajara,19,3270
2,2019,Enfermedades de la circulación pulmonar,Hombres,Huelva,21,8420
2,2019,Enfermedades de la circulación pulmonar,Hombres,Huesca,22,4100
2,2019,Enfermedades de la circulación pulmonar,Hombres,Islas Baleares,7,1656
2,2019,Enfermedades de la circulación pulmonar,Hombres,Jaén,23,1177
2,2019,Enfermedades de la circulación pulmonar,Hombres,La Rioja,26,1383
2,2019,Enfermedades de la circulación pulmonar,Hombres,León,24,1415
2,2019,Enfermedades de la circulación pulmonar,Hombres,Lleida,25,6190
2,2019,Enfermedades de la circulación pulmonar,Hombres,Lugo,27,8930
2,2019,Enfermedades de la circulación pulmonar,Hombres,Madrid,28,10963
2,2019,Enfermedades de la circulación pulmonar,Hombres,Melilla,52,510
2,2019,Enfermedades de la circulación pulmonar,Hombres,Murcia,30,175
2,2019,Enfermedades de la circulación pulmonar,Hombres,Málaga,29,21
2,2019,Enfermedades de la circulación pulmonar,Hombres,Navarra,31,1443
2,2019,Enfermedades de la circulación pulmonar,Hombres,Ourense,32,7390
2,2019,Enfermedades de la circulación pulmonar,Hombres,Palencia,34,2880
2,2019,Enfermedades de la circulación pulmonar,Hombres,Pontevedra,36,1734
2,2019,Enfermedades de la circulación pulmonar,Hombres,Salamanca,37,101
2,2019,Enfermedades de la circulación pulmonar,Hombres,Santa Cruz de Tenerife,38,1953
2,2019,Enfermedades de la circulación pulmonar,Hombres,Segovia,40,3410
2,2019,Enfermedades de la circulación pulmonar,Hombres,Sevilla,41,2339
2,2019,Enfermedades de la circulación pulmonar,Hombres,Soria,42,2980
2,2019,Enfermedades de la circulación pulmonar,Hombres,Tarragona,43,1963
2,2019,Enfermedades de la circulación pulmonar,Hombres,Teruel,44,4060
2,2019,Enfermedades de la circulación pulmonar,Hombres,Toledo,45,144
2,2019,Enfermedades de la circulación pulmonar,Hombres,Valencia,46,3622
2,2019,Enfermedades de la circulación pulmonar,Hombres,Valladolid,47,1439
2,2019,Enfermedades de la circulación pulmonar,Hombres,Zamora,49,5690
2,2019,Enfermedades de la circulación pulmonar,Hombres,Zaragoza,50,2175
2,2019,Enfermedades de la circulación pulmonar,Hombres,Álava,1,6920
2,2019,Enfermedades de la circulación pulmonar,Hombres,Ávila,5,4010
2,2019,Enfermedades de la circulación pulmonar,Mujeres,A Coruña,15,2931
2,2019,Enfermedades de la circulación pulmonar,Mujeres,Albacete,2,7530
2,2019,Enfermedades de la circulación pulmonar,Mujeres,Alicante,3,3195
2,2019,Enfermedades de la circulación pulmonar,Mujeres,Almería,4,9890
2,2019,Enfermedades de la circulación pulmonar,Mujeres,Asturias,33,3351
2,2019,Enfermedades de la circulación pulmonar,Mujeres,Badajoz,6,2053
2,2019,Enfermedades de la circulación pulmonar,Mujeres,Barcelona,8,16988
2,2019,Enfermedades de la circulación pulmonar,Mujeres,Bizkaia,48,3079
2,2019,Enfermedades de la circulación pulmonar,Mujeres,Burgos,9,1415
2,2019,Enfermedades de la circulación pulmonar,Mujeres,Cantabria,39,142
2,2019,Enfermedades de la circulación pulmonar,Mujeres,Castellón,12,1209
2,2019,Enfermedades de la circulación pulmonar,Mujeres,Ceuta,51,700
2,2019,Enfermedades de la circulación pulmonar,Mujeres,Ciudad Real,13,1574
2,2019,Enfermedades de la circulación pulmonar,Mujeres,Cuenca,16,4490
2,2019,Enfermedades de la circulación pulmonar,Mujeres,Cáceres,10,1267
2,2019,Enfermedades de la circulación pulmonar,Mujeres,Cádiz,11,1586
2,2019,Enfermedades de la circulación pulmonar,Mujeres,Córdoba,14,1607
2,2019,Enfermedades de la circulación pulmonar,Mujeres,Gipuzkoa,20,1503
2,2019,Enfermedades de la circulación pulmonar,Mujeres,Girona,17,1126
2,2019,Enfermedades de la circulación pulmonar,Mujeres,Granada,18,255
2,2019,Enfermedades de la circulación pulmonar,Mujeres,Guadalajara,19,2810
2,2019,Enfermedades de la circulación pulmonar,Mujeres,Huelva,21,7610
2,2019,Enfermedades de la circulación pulmonar,Mujeres,Huesca,22,5970
2,2019,Enfermedades de la circulación pulmonar,Mujeres,Islas Baleares,7,2613
2,2019,Enfermedades de la circulación pulmonar,Mujeres,Jaén,23,1213
2,2019,Enfermedades de la circulación pulmonar,Mujeres,La Rioja,26,8930
2,2019,Enfermedades de la circulación pulmonar,Mujeres,León,24,1784
2,2019,Enfermedades de la circulación pulmonar,Mujeres,Lleida,25,1045
2,2019,Enfermedades de la circulación pulmonar,Mujeres,Lugo,27,9710
2,2019,Enfermedades de la circulación pulmonar,Mujeres,Madrid,28,13678
2,2019,Enfermedades de la circulación pulmonar,Mujeres,Melilla,52,760
2,2019,Enfermedades de la circulación pulmonar,Mujeres,Murcia,30,1991
2,2019,Enfermedades de la circulación pulmonar,Mujeres,Málaga,29,2644
2,2019,Enfermedades de la circulación pulmonar,Mujeres,Navarra,31,164
2,2019,Enfermedades de la circulación pulmonar,Mujeres,Ourense,32,1349
2,2019,Enfermedades de la circulación pulmonar,Mujeres,Palencia,34,5100
2,2019,Enfermedades de la circulación pulmonar,Mujeres,Pontevedra,36,3149
2,2019,Enfermedades de la circulación pulmonar,Mujeres,Salamanca,37,1057
2,2019,Enfermedades de la circulación pulmonar,Mujeres,Santa Cruz de Tenerife,38,297
2,2019,Enfermedades de la circulación pulmonar,Mujeres,Segovia,40,4890
2,2019,Enfermedades de la circulación pulmonar,Mujeres,Sevilla,41,2798
2,2019,Enfermedades de la circulación pulmonar,Mujeres,Soria,42,3350
2,2019,Enfermedades de la circulación pulmonar,Mujeres,Tarragona,43,359
2,2019,Enfermedades de la circulación pulmonar,Mujeres,Teruel,44,2880
2,2019,Enfermedades de la circulación pulmonar,Mujeres,Toledo,45,1388
2,2019,Enfermedades de la circulación pulmonar,Mujeres,Valencia,46,4743
2,2019,Enfermedades de la circulación pulmonar,Mujeres,Valladolid,47,1938
2,2019,Enfermedades de la circulación pulmonar,Mujeres,Zamora,49,4410
2,2019,Enfermedades de la circulación pulmonar,Mujeres,Zaragoza,50,2244
2,2019,Enfermedades de la circulación pulmonar,Mujeres,Álava,1,8060
2,2019,Enfermedades de la circulación pulmonar,Mujeres,Ávila,5,4910
3,2019,Enfermedad crónica de amígdalas,Hombres,A Coruña,15,4180
3,2019,Enfermedad crónica de amígdalas,Hombres,Albacete,2,1070
3,2019,Enfermedad crónica de amígdalas,Hombres,Alicante,3,5000
3,2019,Enfermedad crónica de amígdalas,Hombres,Almería,4,2100
3,2019,Enfermedad crónica de amígdalas,Hombres,Asturias,33,1070
3,2019,Enfermedad crónica de amígdalas,Hombres,Badajoz,6,3730
3,2019,Enfermedad crónica de amígdalas,Hombres,Barcelona,8,1114
3,2019,Enfermedad crónica de amígdalas,Hombres,Bizkaia,48,3820
3,2019,Enfermedad crónica de amígdalas,Hombres,Burgos,9,1500
3,2019,Enfermedad crónica de amígdalas,Hombres,Cantabria,39,1510
3,2019,Enfermedad crónica de amígdalas,Hombres,Castellón,12,2090
3,2019,Enfermedad crónica de amígdalas,Hombres,Ceuta,51,20
3,2019,Enfermedad crónica de amígdalas,Hombres,Ciudad Real,13,2080
3,2019,Enfermedad crónica de amígdalas,Hombres,Cuenca,16,570
3,2019,Enfermedad crónica de amígdalas,Hombres,Cáceres,10,1670
3,2019,Enfermedad crónica de amígdalas,Hombres,Cádiz,11,2560
3,2019,Enfermedad crónica de amígdalas,Hombres,Córdoba,14,1440
3,2019,Enfermedad crónica de amígdalas,Hombres,Gipuzkoa,20,2520
3,2019,Enfermedad crónica de amígdalas,Hombres,Girona,17,1730
3,2019,Enfermedad crónica de amígdalas,Hombres,Granada,18,1270
3,2019,Enfermedad crónica de amígdalas,Hombres,Guadalajara,19,530
3,2019,Enfermedad crónica de amígdalas,Hombres,Huelva,21,2580
3,2019,Enfermedad crónica de amígdalas,Hombres,Huesca,22,670
3,2019,Enfermedad crónica de amígdalas,Hombres,Islas Baleares,7,3120
3,2019,Enfermedad crónica de amígdalas,Hombres,Jaén,23,1200
3,2019,Enfermedad crónica de amígdalas,Hombres,La Rioja,26,1500
3,2019,Enfermedad crónica de amígdalas,Hombres,León,24,2530
3,2019,Enfermedad crónica de amígdalas,Hombres,Lleida,25,1230
3,2019,Enfermedad crónica de amígdalas,Hombres,Lugo,27,1130
3,2019,Enfermedad crónica de amígdalas,Hombres,Madrid,28,2117
3,2019,Enfermedad crónica de amígdalas,Hombres,Melilla,52,230
3,2019,Enfermedad crónica de amígdalas,Hombres,Murcia,30,5540
3,2019,Enfermedad crónica de amígdalas,Hombres,Málaga,29,2780
3,2019,Enfermedad crónica de amígdalas,Hombres,Navarra,31,4220
3,2019,Enfermedad crónica de amígdalas,Hombres,Ourense,32,1230
3,2019,Enfermedad crónica de amígdalas,Hombres,Palencia,34,2630
3,2019,Enfermedad crónica de amígdalas,Hombres,Pontevedra,36,1629
3,2019,Enfermedad crónica de amígdalas,Hombres,Salamanca,37,700
3,2019,Enfermedad crónica de amígdalas,Hombres,Santa Cruz de Tenerife,38,4340
3,2019,Enfermedad crónica de amígdalas,Hombres,Segovia,40,1130
3,2019,Enfermedad crónica de amígdalas,Hombres,Sevilla,41,4050
3,2019,Enfermedad crónica de amígdalas,Hombres,Soria,42,1030
3,2019,Enfermedad crónica de amígdalas,Hombres,Tarragona,43,2170
3,2019,Enfermedad crónica de amígdalas,Hombres,Teruel,44,510
3,2019,Enfermedad crónica de amígdalas,Hombres,Toledo,45,1850
3,2019,Enfermedad crónica de amígdalas,Hombres,Valencia,46,1296
3,2019,Enfermedad crónica de amígdalas,Hombres,Valladolid,47,3150
3,2019,Enfermedad crónica de amígdalas,Hombres,Zamora,49,1390
3,2019,Enfermedad crónica de amígdalas,Hombres,Zaragoza,50,2640
3,2019,Enfermedad crónica de amígdalas,Hombres,Álava,1,1350
3,2019,Enfermedad crónica de amígdalas,Hombres,Ávila,5,540
3,2019,Enfermedad crónica de amígdalas,Mujeres,A Coruña,15,4370
3,2019,Enfermedad crónica de amígdalas,Mujeres,Albacete,2,860
3,2019,Enfermedad crónica de amígdalas,Mujeres,Alicante,3,4470
3,2019,Enfermedad crónica de amígdalas,Mujeres,Almería,4,1670
3,2019,Enfermedad crónica de amígdalas,Mujeres,Asturias,33,830
3,2019,Enfermedad crónica de amígdalas,Mujeres,Badajoz,6,2910
3,2019,Enfermedad crónica de amígdalas,Mujeres,Barcelona,8,1068
3,2019,Enfermedad crónica de amígdalas,Mujeres,Bizkaia,48,3530
3,2019,Enfermedad crónica de amígdalas,Mujeres,Burgos,9,1490
3,2019,Enfermedad crónica de amígdalas,Mujeres,Cantabria,39,1070
3,2019,Enfermedad crónica de amígdalas,Mujeres,Castellón,12,2230
3,2019,Enfermedad crónica de amígdalas,Mujeres,Ceuta,51,70
3,2019,Enfermedad crónica de amígdalas,Mujeres,Ciudad Real,13,1740
3,2019,Enfermedad crónica de amígdalas,Mujeres,Cuenca,16,340
3,2019,Enfermedad crónica de amígdalas,Mujeres,Cáceres,10,1630
3,2019,Enfermedad crónica de amígdalas,Mujeres,Cádiz,11,2480
3,2019,Enfermedad crónica de amígdalas,Mujeres,Córdoba,14,1930
3,2019,Enfermedad crónica de amígdalas,Mujeres,Gipuzkoa,20,2010
3,2019,Enfermedad crónica de amígdalas,Mujeres,Girona,17,1430
3,2019,Enfermedad crónica de amígdalas,Mujeres,Granada,18,1590
3,2019,Enfermedad crónica de amígdalas,Mujeres,Guadalajara,19,790
3,2019,Enfermedad crónica de amígdalas,Mujeres,Huelva,21,2810
3,2019,Enfermedad crónica de amígdalas,Mujeres,Huesca,22,640
3,2019,Enfermedad crónica de amígdalas,Mujeres,Islas Baleares,7,2970
3,2019,Enfermedad crónica de amígdalas,Mujeres,Jaén,23,1240
3,2019,Enfermedad crónica de amígdalas,Mujeres,La Rioja,26,1000
3,2019,Enfermedad crónica de amígdalas,Mujeres,León,24,2910
3,2019,Enfermedad crónica de amígdalas,Mujeres,Lleida,25,720
3,2019,Enfermedad crónica de amígdalas,Mujeres,Lugo,27,930
3,2019,Enfermedad crónica de amígdalas,Mujeres,Madrid,28,1822
3,2019,Enfermedad crónica de amígdalas,Mujeres,Melilla,52,140
3,2019,Enfermedad crónica de amígdalas,Mujeres,Murcia,30,4860
3,2019,Enfermedad crónica de amígdalas,Mujeres,Málaga,29,3250
3,2019,Enfermedad crónica de amígdalas,Mujeres,Navarra,31,3060
3,2019,Enfermedad crónica de amígdalas,Mujeres,Ourense,32,1260
3,2019,Enfermedad crónica de amígdalas,Mujeres,Palencia,34,1340
3,2019,Enfermedad crónica de amígdalas,Mujeres,Pontevedra,36,4530
3,2019,Enfermedad crónica de amígdalas,Mujeres,Salamanca,37,590
3,2019,Enfermedad crónica de amígdalas,Mujeres,Santa Cruz de Tenerife,38,4390
3,2019,Enfermedad crónica de amígdalas,Mujeres,Segovia,40,850
3,2019,Enfermedad crónica de amígdalas,Mujeres,Sevilla,41,2900
3,2019,Enfermedad crónica de amígdalas,Mujeres,Soria,42,970
3,2019,Enfermedad crónica de amígdalas,Mujeres,Tarragona,43,1700
3,2019,Enfermedad crónica de amígdalas,Mujeres,Teruel,44,400
3,2019,Enfermedad crónica de amígdalas,Mujeres,Toledo,45,1060
3,2019,Enfermedad crónica de amígdalas,Mujeres,Valencia,46,8680
3,2019,Enfermedad crónica de amígdalas,Mujeres,Valladolid,47,2630
3,2019,Enfermedad crónica de amígdalas,Mujeres,Zamora,49,1190
3,2019,Enfermedad crónica de amígdalas,Mujeres,Zaragoza,50,2520
3,2019,Enfermedad crónica de amígdalas,Mujeres,Álava,1,1320
3,2019,Enfermedad crónica de amígdalas,Mujeres,Ávila,5,520
4,2019,Neumonía,Hombres,A Coruña,15,14838
4,2019,Neumonía,Hombres,Albacete,2,446
4,2019,Neumonía,Hombres,Alicante,3,17607
4,2019,Neumonía,Hombres,Almería,4,6272
4,2019,Neumonía,Hombres,Asturias,33,15811
4,2019,Neumonía,Hombres,Badajoz,6,12076
4,2019,Neumonía,Hombres,Barcelona,8,69213
4,2019,Neumonía,Hombres,Bizkaia,48,9408
4,2019,Neumonía,Hombres,Burgos,9,7063
4,2019,Neumonía,Hombres,Cantabria,39,4501
4,2019,Neumonía,Hombres,Castellón,12,7065
4,2019,Neumonía,Hombres,Ceuta,51,6890
4,2019,Neumonía,Hombres,Ciudad Real,13,7495
4,2019,Neumonía,Hombres,Cuenca,16,2798
4,2019,Neumonía,Hombres,Cáceres,10,5266
4,2019,Neumonía,Hombres,Cádiz,11,11189
4,2019,Neumonía,Hombres,Córdoba,14,7759
4,2019,Neumonía,Hombres,Gipuzkoa,20,6824
4,2019,Neumonía,Hombres,Girona,17,7808
4,2019,Neumonía,Hombres,Granada,18,7283
4,2019,Neumonía,Hombres,Guadalajara,19,3936
4,2019,Neumonía,Hombres,Huelva,21,4331
4,2019,Neumonía,Hombres,Huesca,22,2355
4,2019,Neumonía,Hombres,Islas Baleares,7,12295
4,2019,Neumonía,Hombres,Jaén,23,6239
4,2019,Neumonía,Hombres,La Rioja,26,3987
4,2019,Neumonía,Hombres,León,24,8452
4,2019,Neumonía,Hombres,Lleida,25,5752
4,2019,Neumonía,Hombres,Lugo,27,4299
4,2019,Neumonía,Hombres,Madrid,28,67987
4,2019,Neumonía,Hombres,Melilla,52,7680
4,2019,Neumonía,Hombres,Murcia,30,15843
4,2019,Neumonía,Hombres,Málaga,29,13932
4,2019,Neumonía,Hombres,Navarra,31,5466
4,2019,Neumonía,Hombres,Ourense,32,9092
4,2019,Neumonía,Hombres,Palencia,34,1863
4,2019,Neumonía,Hombres,Pontevedra,36,11098
4,2019,Neumonía,Hombres,Salamanca,37,3596
4,2019,Neumonía,Hombres,Santa Cruz de Tenerife,38,15499
4,2019,Neumonía,Hombres,Segovia,40,1379
4,2019,Neumonía,Hombres,Sevilla,41,13401
4,2019,Neumonía,Hombres,Soria,42,1867
4,2019,Neumonía,Hombres,Tarragona,43,12747
4,2019,Neumonía,Hombres,Teruel,44,2166
4,2019,Neumonía,Hombres,Toledo,45,11102
4,2019,Neumonía,Hombres,Valencia,46,28506
4,2019,Neumonía,Hombres,Valladolid,47,6554
4,2019,Neumonía,Hombres,Zamora,49,2438
4,2019,Neumonía,Hombres,Zaragoza,50,14527
4,2019,Neumonía,Hombres,Álava,1,4089
4,2019,Neumonía,Hombres,Ávila,5,2725
4,2019,Neumonía,Mujeres,A Coruña,15,12134
4,2019,Neumonía,Mujeres,Albacete,2,3433
4,2019,Neumonía,Mujeres,Alicante,3,1351
4,2019,Neumonía,Mujeres,Almería,4,5025
4,2019,Neumonía,Mujeres,Asturias,33,12508
4,2019,Neumonía,Mujeres,Badajoz,6,795
4,2019,Neumonía,Mujeres,Barcelona,8,5763
4,2019,Neumonía,Mujeres,Bizkaia,48,7096
4,2019,Neumonía,Mujeres,Burgos,9,5084
4,2019,Neumonía,Mujeres,Cantabria,39,3865
4,2019,Neumonía,Mujeres,Castellón,12,557
4,2019,Neumonía,Mujeres,Ceuta,51,6330
4,2019,Neumonía,Mujeres,Ciudad Real,13,5665
4,2019,Neumonía,Mujeres,Cuenca,16,2238
4,2019,Neumonía,Mujeres,Cáceres,10,3719
4,2019,Neumonía,Mujeres,Cádiz,11,882
4,2019,Neumonía,Mujeres,Córdoba,14,703
4,2019,Neumonía,Mujeres,Gipuzkoa,20,5308
4,2019,Neumonía,Mujeres,Girona,17,5968
4,2019,Neumonía,Mujeres,Granada,18,5505
4,2019,Neumonía,Mujeres,Guadalajara,19,2233
4,2019,Neumonía,Mujeres,Huelva,21,318
4,2019,Neumonía,Mujeres,Huesca,22,2377
4,2019,Neumonía,Mujeres,Islas Baleares,7,1081
4,2019,Neumonía,Mujeres,Jaén,23,5291
4,2019,Neumonía,Mujeres,La Rioja,26,2872
4,2019,Neumonía,Mujeres,León,24,6867
4,2019,Neumonía,Mujeres,Lleida,25,4229
4,2019,Neumonía,Mujeres,Lugo,27,3064
4,2019,Neumonía,Mujeres,Madrid,28,65796
4,2019,Neumonía,Mujeres,Melilla,52,7280
4,2019,Neumonía,Mujeres,Murcia,30,13557
4,2019,Neumonía,Mujeres,Málaga,29,10954
4,2019,Neumonía,Mujeres,Navarra,31,4586
4,2019,Neumonía,Mujeres,Ourense,32,6466
4,2019,Neumonía,Mujeres,Palencia,34,1479
4,2019,Neumonía,Mujeres,Pontevedra,36,10935
4,2019,Neumonía,Mujeres,Salamanca,37,2617
4,2019,Neumonía,Mujeres,Santa Cruz de Tenerife,38,18758
4,2019,Neumonía,Mujeres,Segovia,40,1469
4,2019,Neumonía,Mujeres,Sevilla,41,1141
4,2019,Neumonía,Mujeres,Soria,42,1527
4,2019,Neumonía,Mujeres,Tarragona,43,8912
4,2019,Neumonía,Mujeres,Teruel,44,1446
4,2019,Neumonía,Mujeres,Toledo,45,8573
4,2019,Neumonía,Mujeres,Valencia,46,2034
4,2019,Neumonía,Mujeres,Valladolid,47,5095
4,2019,Neumonía,Mujeres,Zamora,49,1896
4,2019,Neumonía,Mujeres,Zaragoza,50,10285
4,2019,Neumonía,Mujeres,Álava,1,3009
4,2019,Neumonía,Mujeres,Ávila,5,1827
5,2019,Asma,Hombres,A Coruña,15,1196
5,2019,Asma,Hombres,Albacete,2,920
5,2019,Asma,Hombres,Alicante,3,8530
5,2019,Asma,Hombres,Almería,4,1870
5,2019,Asma,Hombres,Asturias,33,2105
5,2019,Asma,Hombres,Badajoz,6,2510
5,2019,Asma,Hombres,Barcelona,8,3357
5,2019,Asma,Hombres,Bizkaia,48,9710
5,2019,Asma,Hombres,Burgos,9,4510
5,2019,Asma,Hombres,Cantabria,39,4720
5,2019,Asma,Hombres,Castellón,12,2020
5,2019,Asma,Hombres,Ceuta,51,40
5,2019,Asma,Hombres,Ciudad Real,13,3970
5,2019,Asma,Hombres,Cuenca,16,1240
5,2019,Asma,Hombres,Cáceres,10,1370
5,2019,Asma,Hombres,Cádiz,11,5020
5,2019,Asma,Hombres,Córdoba,14,2810
5,2019,Asma,Hombres,Gipuzkoa,20,5290
5,2019,Asma,Hombres,Girona,17,3680
5,2019,Asma,Hombres,Granada,18,5570
5,2019,Asma,Hombres,Guadalajara,19,990
5,2019,Asma,Hombres,Huelva,21,1360
5,2019,Asma,Hombres,Huesca,22,1200
5,2019,Asma,Hombres,Islas Baleares,7,8580
5,2019,Asma,Hombres,Jaén,23,1550
5,2019,Asma,Hombres,La Rioja,26,1130
5,2019,Asma,Hombres,León,24,3890
5,2019,Asma,Hombres,Lleida,25,1510
5,2019,Asma,Hombres,Lugo,27,3010
5,2019,Asma,Hombres,Madrid,28,4157
5,2019,Asma,Hombres,Melilla,52,130
5,2019,Asma,Hombres,Murcia,30,7830
5,2019,Asma,Hombres,Málaga,29,3580
5,2019,Asma,Hombres,Navarra,31,3670
5,2019,Asma,Hombres,Ourense,32,3830
5,2019,Asma,Hombres,Palencia,34,490
5,2019,Asma,Hombres,Pontevedra,36,1245
5,2019,Asma,Hombres,Salamanca,37,3580
5,2019,Asma,Hombres,Santa Cruz de Tenerife,38,5930
5,2019,Asma,Hombres,Segovia,40,950
5,2019,Asma,Hombres,Sevilla,41,5040
5,2019,Asma,Hombres,Soria,42,1020
5,2019,Asma,Hombres,Tarragona,43,3990
5,2019,Asma,Hombres,Teruel,44,670
5,2019,Asma,Hombres,Toledo,45,5480
5,2019,Asma,Hombres,Valencia,46,8340
5,2019,Asma,Hombres,Valladolid,47,2230
5,2019,Asma,Hombres,Zamora,49,2120
5,2019,Asma,Hombres,Zaragoza,50,4910
5,2019,Asma,Hombres,Álava,1,4770
5,2019,Asma,Hombres,Ávila,5,610
5,2019,Asma,Mujeres,A Coruña,15,5045
5,2019,Asma,Mujeres,Albacete,2,4480
5,2019,Asma,Mujeres,Alicante,3,2789
5,2019,Asma,Mujeres,Almería,4,9210
5,2019,Asma,Mujeres,Asturias,33,5915
5,2019,Asma,Mujeres,Badajoz,6,1099
5,2019,Asma,Mujeres,Barcelona,8,14422
5,2019,Asma,Mujeres,Bizkaia,48,3488
5,2019,Asma,Mujeres,Burgos,9,1297
5,2019,Asma,Mujeres,Cantabria,39,1456
5,2019,Asma,Mujeres,Castellón,12,7650
5,2019,Asma,Mujeres,Ceuta,51,290
5,2019,Asma,Mujeres,Ciudad Real,13,1017
5,2019,Asma,Mujeres,Cuenca,16,2780
5,2019,Asma,Mujeres,Cáceres,10,7580
5,2019,Asma,Mujeres,Cádiz,11,1216
5,2019,Asma,Mujeres,Córdoba,14,9410
5,2019,Asma,Mujeres,Gipuzkoa,20,1488
5,2019,Asma,Mujeres,Girona,17,1013
5,2019,Asma,Mujeres,Granada,18,1591
5,2019,Asma,Mujeres,Guadalajara,19,3480
5,2019,Asma,Mujeres,Huelva,21,8300
5,2019,Asma,Mujeres,Huesca,22,3180
5,2019,Asma,Mujeres,Islas Baleares,7,2602
5,2019,Asma,Mujeres,Jaén,23,5960
5,2019,Asma,Mujeres,La Rioja,26,6600
5,2019,Asma,Mujeres,León,24,1663
5,2019,Asma,Mujeres,Lleida,25,1152
5,2019,Asma,Mujeres,Lugo,27,4230
5,2019,Asma,Mujeres,Madrid,28,14937
5,2019,Asma,Mujeres,Melilla,52,150
5,2019,Asma,Mujeres,Murcia,30,293
5,2019,Asma,Mujeres,Málaga,29,1986
5,2019,Asma,Mujeres,Navarra,31,1108
5,2019,Asma,Mujeres,Ourense,32,1705
5,2019,Asma,Mujeres,Palencia,34,5630
5,2019,Asma,Mujeres,Pontevedra,36,3042
5,2019,Asma,Mujeres,Salamanca,37,7010
5,2019,Asma,Mujeres,Santa Cruz de Tenerife,38,1839
5,2019,Asma,Mujeres,Segovia,40,2510
5,2019,Asma,Mujeres,Sevilla,41,1686
5,2019,Asma,Mujeres,Soria,42,2110
5,2019,Asma,Mujeres,Tarragona,43,2014
5,2019,Asma,Mujeres,Teruel,44,3550
5,2019,Asma,Mujeres,Toledo,45,167
5,2019,Asma,Mujeres,Valencia,46,2779
5,2019,Asma,Mujeres,Valladolid,47,7360
5,2019,Asma,Mujeres,Zamora,49,5540
5,2019,Asma,Mujeres,Zaragoza,50,2328
5,2019,Asma,Mujeres,Álava,1,1292
5,2019,Asma,Mujeres,Ávila,5,2680
6,2019,EPOC y bronquitis,Hombres,A Coruña,15,19501
6,2019,EPOC y bronquitis,Hombres,Albacete,2,4443
6,2019,EPOC y bronquitis,Hombres,Alicante,3,1807
6,2019,EPOC y bronquitis,Hombres,Almería,4,68
6,2019,EPOC y bronquitis,Hombres,Asturias,33,20123
6,2019,EPOC y bronquitis,Hombres,Badajoz,6,8697
6,2019,EPOC y bronquitis,Hombres,Barcelona,8,108472
6,2019,EPOC y bronquitis,Hombres,Bizkaia,48,13691
6,2019,EPOC y bronquitis,Hombres,Burgos,9,6216
6,2019,EPOC y bronquitis,Hombres,Cantabria,39,7686
6,2019,EPOC y bronquitis,Hombres,Castellón,12,6869
6,2019,EPOC y bronquitis,Hombres,Ceuta,51,4480
6,2019,EPOC y bronquitis,Hombres,Ciudad Real,13,8962
6,2019,EPOC y bronquitis,Hombres,Cuenca,16,297
6,2019,EPOC y bronquitis,Hombres,Cáceres,10,4407
6,2019,EPOC y bronquitis,Hombres,Cádiz,11,7895
6,2019,EPOC y bronquitis,Hombres,Córdoba,14,7501
6,2019,EPOC y bronquitis,Hombres,Gipuzkoa,20,8321
6,2019,EPOC y bronquitis,Hombres,Girona,17,12856
6,2019,EPOC y bronquitis,Hombres,Granada,18,5656
6,2019,EPOC y bronquitis,Hombres,Guadalajara,19,3028
6,2019,EPOC y bronquitis,Hombres,Huelva,21,3073
6,2019,EPOC y bronquitis,Hombres,Huesca,22,3502
6,2019,EPOC y bronquitis,Hombres,Islas Baleares,7,19717
6,2019,EPOC y bronquitis,Hombres,Jaén,23,5761
6,2019,EPOC y bronquitis,Hombres,La Rioja,26,5401
6,2019,EPOC y bronquitis,Hombres,León,24,11265
6,2019,EPOC y bronquitis,Hombres,Lleida,25,8227
6,2019,EPOC y bronquitis,Hombres,Lugo,27,5896
6,2019,EPOC y bronquitis,Hombres,Madrid,28,106223
6,2019,EPOC y bronquitis,Hombres,Melilla,52,2850
6,2019,EPOC y bronquitis,Hombres,Murcia,30,19723
6,2019,EPOC y bronquitis,Hombres,Málaga,29,10095
6,2019,EPOC y bronquitis,Hombres,Navarra,31,8713
6,2019,EPOC y bronquitis,Hombres,Ourense,32,9254
6,2019,EPOC y bronquitis,Hombres,Palencia,34,437
6,2019,EPOC y bronquitis,Hombres,Pontevedra,36,15459
6,2019,EPOC y bronquitis,Hombres,Salamanca,37,2774
6,2019,EPOC y bronquitis,Hombres,Santa Cruz de Tenerife,38,12747
6,2019,EPOC y bronquitis,Hombres,Segovia,40,1921
6,2019,EPOC y bronquitis,Hombres,Sevilla,41,11849
6,2019,EPOC y bronquitis,Hombres,Soria,42,1686
6,2019,EPOC y bronquitis,Hombres,Tarragona,43,12929
6,2019,EPOC y bronquitis,Hombres,Teruel,44,2267
6,2019,EPOC y bronquitis,Hombres,Toledo,45,7863
6,2019,EPOC y bronquitis,Hombres,Valencia,46,21792
6,2019,EPOC y bronquitis,Hombres,Valladolid,47,6613
6,2019,EPOC y bronquitis,Hombres,Zamora,49,4551
6,2019,EPOC y bronquitis,Hombres,Zaragoza,50,14982
6,2019,EPOC y bronquitis,Hombres,Álava,1,655
6,2019,EPOC y bronquitis,Hombres,Ávila,5,3953
6,2019,EPOC y bronquitis,Mujeres,A Coruña,15,5619
6,2019,EPOC y bronquitis,Mujeres,Albacete,2,8360
6,2019,EPOC y bronquitis,Mujeres,Alicante,3,7336
6,2019,EPOC y bronquitis,Mujeres,Almería,4,1638
6,2019,EPOC y bronquitis,Mujeres,Asturias,33,5927
6,2019,EPOC y bronquitis,Mujeres,Badajoz,6,1642
6,2019,EPOC y bronquitis,Mujeres,Barcelona,8,44076
6,2019,EPOC y bronquitis,Mujeres,Bizkaia,48,6362
6,2019,EPOC y bronquitis,Mujeres,Burgos,9,1715
6,2019,EPOC y bronquitis,Mujeres,Cantabria,39,3129
6,2019,EPOC y bronquitis,Mujeres,Castellón,12,2299
6,2019,EPOC y bronquitis,Mujeres,Ceuta,51,990
6,2019,EPOC y bronquitis,Mujeres,Ciudad Real,13,2388
6,2019,EPOC y bronquitis,Mujeres,Cuenca,16,5440
6,2019,EPOC y bronquitis,Mujeres,Cáceres,10,8100
6,2019,EPOC y bronquitis,Mujeres,Cádiz,11,3288
6,2019,EPOC y bronquitis,Mujeres,Córdoba,14,1836
6,2019,EPOC y bronquitis,Mujeres,Gipuzkoa,20,3375
6,2019,EPOC y bronquitis,Mujeres,Girona,17,3783
6,2019,EPOC y bronquitis,Mujeres,Granada,18,1085
6,2019,EPOC y bronquitis,Mujeres,Guadalajara,19,8580
6,2019,EPOC y bronquitis,Mujeres,Huelva,21,1047
6,2019,EPOC y bronquitis,Mujeres,Huesca,22,1404
6,2019,EPOC y bronquitis,Mujeres,Islas Baleares,7,8502
6,2019,EPOC y bronquitis,Mujeres,Jaén,23,9540
6,2019,EPOC y bronquitis,Mujeres,La Rioja,26,251
6,2019,EPOC y bronquitis,Mujeres,León,24,304
6,2019,EPOC y bronquitis,Mujeres,Lleida,25,2812
6,2019,EPOC y bronquitis,Mujeres,Lugo,27,167
6,2019,EPOC y bronquitis,Mujeres,Madrid,28,47665
6,2019,EPOC y bronquitis,Mujeres,Melilla,52,2310
6,2019,EPOC y bronquitis,Mujeres,Murcia,30,6827
6,2019,EPOC y bronquitis,Mujeres,Málaga,29,4146
6,2019,EPOC y bronquitis,Mujeres,Navarra,31,3777
6,2019,EPOC y bronquitis,Mujeres,Ourense,32,2556
6,2019,EPOC y bronquitis,Mujeres,Palencia,34,1241
6,2019,EPOC y bronquitis,Mujeres,Pontevedra,36,6377
6,2019,EPOC y bronquitis,Mujeres,Salamanca,37,7190
6,2019,EPOC y bronquitis,Mujeres,Santa Cruz de Tenerife,38,6324
6,2019,EPOC y bronquitis,Mujeres,Segovia,40,6340
6,2019,EPOC y bronquitis,Mujeres,Sevilla,41,3427
6,2019,EPOC y bronquitis,Mujeres,Soria,42,3000
6,2019,EPOC y bronquitis,Mujeres,Tarragona,43,628
6,2019,EPOC y bronquitis,Mujeres,Teruel,44,5250
6,2019,EPOC y bronquitis,Mujeres,Toledo,45,2314
6,2019,EPOC y bronquitis,Mujeres,Valencia,46,7009
6,2019,EPOC y bronquitis,Mujeres,Valladolid,47,2518
6,2019,EPOC y bronquitis,Mujeres,Zamora,49,6960
6,2019,EPOC y bronquitis,Mujeres,Zaragoza,50,6219
6,2019,EPOC y bronquitis,Mujeres,Álava,1,203
6,2019,EPOC y bronquitis,Mujeres,Ávila,5,7850
7,2019,Infecciones/enfermedades de las vías respiratorias superiores y gripe,Hombres,A Coruña,15,5633
7,2019,Infecciones/enfermedades de las vías respiratorias superiores y gripe,Hombres,Albacete,2,4909
7,2019,Infecciones/enfermedades de las vías respiratorias superiores y gripe,Hombres,Alicante,3,2336
7,2019,Infecciones/enfermedades de las vías respiratorias superiores y gripe,Hombres,Almería,4,10863
7,2019,Infecciones/enfermedades de las vías respiratorias superiores y gripe,Hombres,Asturias,33,6193
7,2019,Infecciones/enfermedades de las vías respiratorias superiores y gripe,Hombres,Badajoz,6,2392
7,2019,Infecciones/enfermedades de las vías respiratorias superiores y gripe,Hombres,Barcelona,8,25742
7,2019,Infecciones/enfermedades de las vías respiratorias superiores y gripe,Hombres,Bizkaia,48,3544
7,2019,Infecciones/enfermedades de las vías respiratorias superiores y gripe,Hombres,Burgos,9,15930
7,2019,Infecciones/enfermedades de las vías respiratorias superiores y gripe,Hombres,Cantabria,39,8307
7,2019,Infecciones/enfermedades de las vías respiratorias superiores y gripe,Hombres,Castellón,12,6058
7,2019,Infecciones/enfermedades de las vías respiratorias superiores y gripe,Hombres,Ceuta,51,3930
7,2019,Infecciones/enfermedades de las vías respiratorias superiores y gripe,Hombres,Ciudad Real,13,11087
7,2019,Infecciones/enfermedades de las vías respiratorias superiores y gripe,Hombres,Cuenca,16,9230
7,2019,Infecciones/enfermedades de las vías respiratorias superiores y gripe,Hombres,Cáceres,10,17310
7,2019,Infecciones/enfermedades de las vías respiratorias superiores y gripe,Hombres,Cádiz,11,3005
7,2019,Infecciones/enfermedades de las vías respiratorias superiores y gripe,Hombres,Córdoba,14,13940
7,2019,Infecciones/enfermedades de las vías respiratorias superiores y gripe,Hombres,Gipuzkoa,20,3347
7,2019,Infecciones/enfermedades de las vías respiratorias superiores y gripe,Hombres,Girona,17,7612
7,2019,Infecciones/enfermedades de las vías respiratorias superiores y gripe,Hombres,Granada,18,10243
7,2019,Infecciones/enfermedades de las vías respiratorias superiores y gripe,Hombres,Guadalajara,19,11360
7,2019,Infecciones/enfermedades de las vías respiratorias superiores y gripe,Hombres,Huelva,21,2663
7,2019,Infecciones/enfermedades de las vías respiratorias superiores y gripe,Hombres,Huesca,22,8630
7,2019,Infecciones/enfermedades de las vías respiratorias superiores y gripe,Hombres,Islas Baleares,7,5467
7,2019,Infecciones/enfermedades de las vías respiratorias superiores y gripe,Hombres,Jaén,23,10132
7,2019,Infecciones/enfermedades de las vías respiratorias superiores y gripe,Hombres,La Rioja,26,12220
7,2019,Infecciones/enfermedades de las vías respiratorias superiores y gripe,Hombres,León,24,12129
7,2019,Infecciones/enfermedades de las vías respiratorias superiores y gripe,Hombres,Lleida,25,4741
7,2019,Infecciones/enfermedades de las vías respiratorias superiores y gripe,Hombres,Lugo,27,6939
7,2019,Infecciones/enfermedades de las vías respiratorias superiores y gripe,Hombres,Madrid,28,22860
7,2019,Infecciones/enfermedades de las vías respiratorias superiores y gripe,Hombres,Melilla,52,2070
7,2019,Infecciones/enfermedades de las vías respiratorias superiores y gripe,Hombres,Murcia,30,7183
7,2019,Infecciones/enfermedades de las vías respiratorias superiores y gripe,Hombres,Málaga,29,4291
7,2019,Infecciones/enfermedades de las vías respiratorias superiores y gripe,Hombres,Navarra,31,10713
7,2019,Infecciones/enfermedades de las vías respiratorias superiores y gripe,Hombres,Ourense,32,15260
7,2019,Infecciones/enfermedades de las vías respiratorias superiores y gripe,Hombres,Palencia,34,11910
7,2019,Infecciones/enfermedades de las vías respiratorias superiores y gripe,Hombres,Pontevedra,36,2013
7,2019,Infecciones/enfermedades de las vías respiratorias superiores y gripe,Hombres,Salamanca,37,4456
7,2019,Infecciones/enfermedades de las vías respiratorias superiores y gripe,Hombres,Santa Cruz de Tenerife,38,13169
7,2019,Infecciones/enfermedades de las vías respiratorias superiores y gripe,Hombres,Segovia,40,8620
7,2019,Infecciones/enfermedades de las vías respiratorias superiores y gripe,Hombres,Sevilla,41,3170
7,2019,Infecciones/enfermedades de las vías respiratorias superiores y gripe,Hombres,Soria,42,3560
7,2019,Infecciones/enfermedades de las vías respiratorias superiores y gripe,Hombres,Tarragona,43,12847
7,2019,Infecciones/enfermedades de las vías respiratorias superiores y gripe,Hombres,Teruel,44,7980
7,2019,Infecciones/enfermedades de las vías respiratorias superiores y gripe,Hombres,Toledo,45,14180
7,2019,Infecciones/enfermedades de las vías respiratorias superiores y gripe,Hombres,Valencia,46,8803
7,2019,Infecciones/enfermedades de las vías respiratorias superiores y gripe,Hombres,Valladolid,47,2606
7,2019,Infecciones/enfermedades de las vías respiratorias superiores y gripe,Hombres,Zamora,49,12780
7,2019,Infecciones/enfermedades de las vías respiratorias superiores y gripe,Hombres,Zaragoza,50,1948
7,2019,Infecciones/enfermedades de las vías respiratorias superiores y gripe,Hombres,Álava,1,5407
7,2019,Infecciones/enfermedades de las vías respiratorias superiores y gripe,Hombres,Ávila,5,11200
7,2019,Infecciones/enfermedades de las vías respiratorias superiores y gripe,Mujeres,A Coruña,15,4891
7,2019,Infecciones/enfermedades de las vías respiratorias superiores y gripe,Mujeres,Albacete,2,3195
7,2019,Infecciones/enfermedades de las vías respiratorias superiores y gripe,Mujeres,Alicante,3,6469
7,2019,Infecciones/enfermedades de las vías respiratorias superiores y gripe,Mujeres,Almería,4,5135
7,2019,Infecciones/enfermedades de las vías respiratorias superiores y gripe,Mujeres,Asturias,33,11292
7,2019,Infecciones/enfermedades de las vías respiratorias superiores y gripe,Mujeres,Badajoz,6,9835
7,2019,Infecciones/enfermedades de las vías respiratorias superiores y gripe,Mujeres,Barcelona,8,28135
7,2019,Infecciones/enfermedades de las vías respiratorias superiores y gripe,Mujeres,Bizkaia,48,5315
7,2019,Infecciones/enfermedades de las vías respiratorias superiores y gripe,Mujeres,Burgos,9,5833
7,2019,Infecciones/enfermedades de las vías respiratorias superiores y gripe,Mujeres,Cantabria,39,6392
7,2019,Infecciones/enfermedades de las vías respiratorias superiores y gripe,Mujeres,Castellón,12,4653
7,2019,Infecciones/enfermedades de las vías respiratorias superiores y gripe,Mujeres,Ceuta,51,4020
7,2019,Infecciones/enfermedades de las vías respiratorias superiores y gripe,Mujeres,Ciudad Real,13,6001
7,2019,Infecciones/enfermedades de las vías respiratorias superiores y gripe,Mujeres,Cuenca,16,4980
7,2019,Infecciones/enfermedades de las vías respiratorias superiores y gripe,Mujeres,Cáceres,10,13810
7,2019,Infecciones/enfermedades de las vías respiratorias superiores y gripe,Mujeres,Cádiz,11,10804
7,2019,Infecciones/enfermedades de las vías respiratorias superiores y gripe,Mujeres,Córdoba,14,13460
7,2019,Infecciones/enfermedades de las vías respiratorias superiores y gripe,Mujeres,Gipuzkoa,20,5032
7,2019,Infecciones/enfermedades de las vías respiratorias superiores y gripe,Mujeres,Girona,17,6254
7,2019,Infecciones/enfermedades de las vías respiratorias superiores y gripe,Mujeres,Granada,18,8253
7,2019,Infecciones/enfermedades de las vías respiratorias superiores y gripe,Mujeres,Guadalajara,19,7690
7,2019,Infecciones/enfermedades de las vías respiratorias superiores y gripe,Mujeres,Huelva,21,9578
7,2019,Infecciones/enfermedades de las vías respiratorias superiores y gripe,Mujeres,Huesca,22,6700
7,2019,Infecciones/enfermedades de las vías respiratorias superiores y gripe,Mujeres,Islas Baleares,7,14021
7,2019,Infecciones/enfermedades de las vías respiratorias superiores y gripe,Mujeres,Jaén,23,4969
7,2019,Infecciones/enfermedades de las vías respiratorias superiores y gripe,Mujeres,La Rioja,26,3333
7,2019,Infecciones/enfermedades de las vías respiratorias superiores y gripe,Mujeres,León,24,7037
7,2019,Infecciones/enfermedades de las vías respiratorias superiores y gripe,Mujeres,Lleida,25,3651
7,2019,Infecciones/enfermedades de las vías respiratorias superiores y gripe,Mujeres,Lugo,27,4707
7,2019,Infecciones/enfermedades de las vías respiratorias superiores y gripe,Mujeres,Madrid,28,22700
7,2019,Infecciones/enfermedades de las vías respiratorias superiores y gripe,Mujeres,Melilla,52,1900
7,2019,Infecciones/enfermedades de las vías respiratorias superiores y gripe,Mujeres,Murcia,30,6282
7,2019,Infecciones/enfermedades de las vías respiratorias superiores y gripe,Mujeres,Málaga,29,4386
7,2019,Infecciones/enfermedades de las vías respiratorias superiores y gripe,Mujeres,Navarra,31,5851
7,2019,Infecciones/enfermedades de las vías respiratorias superiores y gripe,Mujeres,Ourense,32,11780
7,2019,Infecciones/enfermedades de las vías respiratorias superiores y gripe,Mujeres,Palencia,34,9540
7,2019,Infecciones/enfermedades de las vías respiratorias superiores y gripe,Mujeres,Pontevedra,36,4590
7,2019,Infecciones/enfermedades de las vías respiratorias superiores y gripe,Mujeres,Salamanca,37,11770
7,2019,Infecciones/enfermedades de las vías respiratorias superiores y gripe,Mujeres,Santa Cruz de Tenerife,38,9021
7,2019,Infecciones/enfermedades de las vías respiratorias superiores y gripe,Mujeres,Segovia,40,6650
7,2019,Infecciones/enfermedades de las vías respiratorias superiores y gripe,Mujeres,Sevilla,41,5015
7,2019,Infecciones/enfermedades de las vías respiratorias superiores y gripe,Mujeres,Soria,42,2850
7,2019,Infecciones/enfermedades de las vías respiratorias superiores y gripe,Mujeres,Tarragona,43,9063
7,2019,Infecciones/enfermedades de las vías respiratorias superiores y gripe,Mujeres,Teruel,44,6710
7,2019,Infecciones/enfermedades de las vías respiratorias superiores y gripe,Mujeres,Toledo,45,11710
7,2019,Infecciones/enfermedades de las vías respiratorias superiores y gripe,Mujeres,Valencia,46,8233
7,2019,Infecciones/enfermedades de las vías respiratorias superiores y gripe,Mujeres,Valladolid,47,9698
7,2019,Infecciones/enfermedades de las vías respiratorias superiores y gripe,Mujeres,Zamora,49,14480
7,2019,Infecciones/enfermedades de las vías respiratorias superiores y gripe,Mujeres,Zaragoza,50,11678
7,2019,Infecciones/enfermedades de las vías respiratorias superiores y gripe,Mujeres,Álava,1,3517
7,2019,Infecciones/enfermedades de las vías respiratorias superiores y gripe,Mujeres,Ávila,5,11070
8,2019,Otras infecciones de las vias respiratorias inferiores,Hombres,A Coruña,15,8423
8,2019,Otras infecciones de las vias respiratorias inferiores,Hombres,Albacete,2,2055
8,2019,Otras infecciones de las vias respiratorias inferiores,Hombres,Alicante,3,10009
8,2019,Otras infecciones de las vias respiratorias inferiores,Hombres,Almería,4,4502
8,2019,Otras infecciones de las vias respiratorias inferiores,Hombres,Asturias,33,4721
8,2019,Otras infecciones de las vias respiratorias inferiores,Hombres,Badajoz,6,4803
8,2019,Otras infecciones de las vias respiratorias inferiores,Hombres,Barcelona,8,32136
8,2019,Otras infecciones de las vias respiratorias inferiores,Hombres,Bizkaia,48,615
8,2019,Otras infecciones de las vias respiratorias inferiores,Hombres,Burgos,9,2534
8,2019,Otras infecciones de las vias respiratorias inferiores,Hombres,Cantabria,39,9300
8,2019,Otras infecciones de las vias respiratorias inferiores,Hombres,Castellón,12,2306
8,2019,Otras infecciones de las vias respiratorias inferiores,Hombres,Ceuta,51,1950
8,2019,Otras infecciones de las vias respiratorias inferiores,Hombres,Ciudad Real,13,3359
8,2019,Otras infecciones de las vias respiratorias inferiores,Hombres,Cuenca,16,1842
8,2019,Otras infecciones de las vias respiratorias inferiores,Hombres,Cáceres,10,1887
8,2019,Otras infecciones de las vias respiratorias inferiores,Hombres,Cádiz,11,5835
8,2019,Otras infecciones de las vias respiratorias inferiores,Hombres,Córdoba,14,2556
8,2019,Otras infecciones de las vias respiratorias inferiores,Hombres,Gipuzkoa,20,2191
8,2019,Otras infecciones de las vias respiratorias inferiores,Hombres,Girona,17,4003
8,2019,Otras infecciones de las vias respiratorias inferiores,Hombres,Granada,18,2924
8,2019,Otras infecciones de las vias respiratorias inferiores,Hombres,Guadalajara,19,1049
8,2019,Otras infecciones de las vias respiratorias inferiores,Hombres,Huelva,21,1634
8,2019,Otras infecciones de las vias respiratorias inferiores,Hombres,Huesca,22,1368
8,2019,Otras infecciones de las vias respiratorias inferiores,Hombres,Islas Baleares,7,1107
8,2019,Otras infecciones de las vias respiratorias inferiores,Hombres,Jaén,23,1517
8,2019,Otras infecciones de las vias respiratorias inferiores,Hombres,La Rioja,26,3453
8,2019,Otras infecciones de las vias respiratorias inferiores,Hombres,León,24,5664
8,2019,Otras infecciones de las vias respiratorias inferiores,Hombres,Lleida,25,4387
8,2019,Otras infecciones de las vias respiratorias inferiores,Hombres,Lugo,27,2871
8,2019,Otras infecciones de las vias respiratorias inferiores,Hombres,Madrid,28,34915
8,2019,Otras infecciones de las vias respiratorias inferiores,Hombres,Melilla,52,1470
8,2019,Otras infecciones de las vias respiratorias inferiores,Hombres,Murcia,30,8519
8,2019,Otras infecciones de las vias respiratorias inferiores,Hombres,Málaga,29,4525
8,2019,Otras infecciones de las vias respiratorias inferiores,Hombres,Navarra,31,189
8,2019,Otras infecciones de las vias respiratorias inferiores,Hombres,Ourense,32,6807
8,2019,Otras infecciones de las vias respiratorias inferiores,Hombres,Palencia,34,2055
8,2019,Otras infecciones de las vias respiratorias inferiores,Hombres,Pontevedra,36,7887
8,2019,Otras infecciones de las vias respiratorias inferiores,Hombres,Salamanca,37,2486
8,2019,Otras infecciones de las vias respiratorias inferiores,Hombres,Santa Cruz de Tenerife,38,7691
8,2019,Otras infecciones de las vias respiratorias inferiores,Hombres,Segovia,40,8860
8,2019,Otras infecciones de las vias respiratorias inferiores,Hombres,Sevilla,41,4813
8,2019,Otras infecciones de las vias respiratorias inferiores,Hombres,Soria,42,6910
8,2019,Otras infecciones de las vias respiratorias inferiores,Hombres,Tarragona,43,5256
8,2019,Otras infecciones de las vias respiratorias inferiores,Hombres,Teruel,44,1009
8,2019,Otras infecciones de las vias respiratorias inferiores,Hombres,Toledo,45,5811
8,2019,Otras infecciones de las vias respiratorias inferiores,Hombres,Valencia,46,8129
8,2019,Otras infecciones de las vias respiratorias inferiores,Hombres,Valladolid,47,1789
8,2019,Otras infecciones de las vias respiratorias inferiores,Hombres,Zamora,49,1268
8,2019,Otras infecciones de las vias respiratorias inferiores,Hombres,Zaragoza,50,5307
8,2019,Otras infecciones de las vias respiratorias inferiores,Hombres,Álava,1,1154
8,2019,Otras infecciones de las vias respiratorias inferiores,Hombres,Ávila,5,2541
8,2019,Otras infecciones de las vias respiratorias inferiores,Mujeres,A Coruña,15,10654
8,2019,Otras infecciones de las vias respiratorias inferiores,Mujeres,Albacete,2,2732
8,2019,Otras infecciones de las vias respiratorias inferiores,Mujeres,Alicante,3,1106
8,2019,Otras infecciones de las vias respiratorias inferiores,Mujeres,Almería,4,4912
8,2019,Otras infecciones de las vias respiratorias inferiores,Mujeres,Asturias,33,584
8,2019,Otras infecciones de las vias respiratorias inferiores,Mujeres,Badajoz,6,5626
8,2019,Otras infecciones de las vias respiratorias inferiores,Mujeres,Barcelona,8,47584
8,2019,Otras infecciones de las vias respiratorias inferiores,Mujeres,Bizkaia,48,8242
8,2019,Otras infecciones de las vias respiratorias inferiores,Mujeres,Burgos,9,2816
8,2019,Otras infecciones de las vias respiratorias inferiores,Mujeres,Cantabria,39,1095
8,2019,Otras infecciones de las vias respiratorias inferiores,Mujeres,Castellón,12,291
8,2019,Otras infecciones de las vias respiratorias inferiores,Mujeres,Ceuta,51,1500
8,2019,Otras infecciones de las vias respiratorias inferiores,Mujeres,Ciudad Real,13,5545
8,2019,Otras infecciones de las vias respiratorias inferiores,Mujeres,Cuenca,16,2463
8,2019,Otras infecciones de las vias respiratorias inferiores,Mujeres,Cáceres,10,2138
8,2019,Otras infecciones de las vias respiratorias inferiores,Mujeres,Cádiz,11,6894
8,2019,Otras infecciones de las vias respiratorias inferiores,Mujeres,Córdoba,14,2713
8,2019,Otras infecciones de las vias respiratorias inferiores,Mujeres,Gipuzkoa,20,2826
8,2019,Otras infecciones de las vias respiratorias inferiores,Mujeres,Girona,17,5123
8,2019,Otras infecciones de las vias respiratorias inferiores,Mujeres,Granada,18,3165
8,2019,Otras infecciones de las vias respiratorias inferiores,Mujeres,Guadalajara,19,1414
8,2019,Otras infecciones de las vias respiratorias inferiores,Mujeres,Huelva,21,1747
8,2019,Otras infecciones de las vias respiratorias inferiores,Mujeres,Huesca,22,1953
8,2019,Otras infecciones de las vias respiratorias inferiores,Mujeres,Islas Baleares,7,10534
8,2019,Otras infecciones de las vias respiratorias inferiores,Mujeres,Jaén,23,1932
8,2019,Otras infecciones de las vias respiratorias inferiores,Mujeres,La Rioja,26,3233
8,2019,Otras infecciones de las vias respiratorias inferiores,Mujeres,León,24,8217
8,2019,Otras infecciones de las vias respiratorias inferiores,Mujeres,Lleida,25,4431
8,2019,Otras infecciones de las vias respiratorias inferiores,Mujeres,Lugo,27,3539
8,2019,Otras infecciones de las vias respiratorias inferiores,Mujeres,Madrid,28,50091
8,2019,Otras infecciones de las vias respiratorias inferiores,Mujeres,Melilla,52,1490
8,2019,Otras infecciones de las vias respiratorias inferiores,Mujeres,Murcia,30,11006
8,2019,Otras infecciones de las vias respiratorias inferiores,Mujeres,Málaga,29,489
8,2019,Otras infecciones de las vias respiratorias inferiores,Mujeres,Navarra,31,2214
8,2019,Otras infecciones de las vias respiratorias inferiores,Mujeres,Ourense,32,7754
8,2019,Otras infecciones de las vias respiratorias inferiores,Mujeres,Palencia,34,307
8,2019,Otras infecciones de las vias respiratorias inferiores,Mujeres,Pontevedra,36,9938
8,2019,Otras infecciones de las vias respiratorias inferiores,Mujeres,Salamanca,37,276
8,2019,Otras infecciones de las vias respiratorias inferiores,Mujeres,Santa Cruz de Tenerife,38,9129
8,2019,Otras infecciones de las vias respiratorias inferiores,Mujeres,Segovia,40,9140
8,2019,Otras infecciones de las vias respiratorias inferiores,Mujeres,Sevilla,41,5198
8,2019,Otras infecciones de las vias respiratorias inferiores,Mujeres,Soria,42,9670
8,2019,Otras infecciones de las vias respiratorias inferiores,Mujeres,Tarragona,43,674
8,2019,Otras infecciones de las vias respiratorias inferiores,Mujeres,Teruel,44,1306
8,2019,Otras infecciones de las vias respiratorias inferiores,Mujeres,Toledo,45,639
8,2019,Otras infecciones de las vias respiratorias inferiores,Mujeres,Valencia,46,853
8,2019,Otras infecciones de las vias respiratorias inferiores,Mujeres,Valladolid,47,29
8,2019,Otras infecciones de las vias respiratorias inferiores,Mujeres,Zamora,49,1907
8,2019,Otras infecciones de las vias respiratorias inferiores,Mujeres,Zaragoza,50,7489
8,2019,Otras infecciones de las vias respiratorias inferiores,Mujeres,Álava,1,1148
8,2019,Otras infecciones de las vias respiratorias inferiores,Mujeres,Ávila,5,2972
9,2019,"Neumoconiosis, enfermedades pulmonares por agentes externos y otras",Hombres,A Coruña,15,22644
9,2019,"Neumoconiosis, enfermedades pulmonares por agentes externos y otras",Hombres,Albacete,2,5725
9,2019,"Neumoconiosis, enfermedades pulmonares por agentes externos y otras",Hombres,Alicante,3,21478
9,2019,"Neumoconiosis, enfermedades pulmonares por agentes externos y otras",Hombres,Almería,4,897
9,2019,"Neumoconiosis, enfermedades pulmonares por agentes externos y otras",Hombres,Asturias,33,21298
9,2019,"Neumoconiosis, enfermedades pulmonares por agentes externos y otras",Hombres,Badajoz,6,13032
9,2019,"Neumoconiosis, enfermedades pulmonares por agentes externos y otras",Hombres,Barcelona,8,101108
9,2019,"Neumoconiosis, enfermedades pulmonares por agentes externos y otras",Hombres,Bizkaia,48,14607
9,2019,"Neumoconiosis, enfermedades pulmonares por agentes externos y otras",Hombres,Burgos,9,7292
9,2019,"Neumoconiosis, enfermedades pulmonares por agentes externos y otras",Hombres,Cantabria,39,7462
9,2019,"Neumoconiosis, enfermedades pulmonares por agentes externos y otras",Hombres,Castellón,12,7461
9,2019,"Neumoconiosis, enfermedades pulmonares por agentes externos y otras",Hombres,Ceuta,51,9410
9,2019,"Neumoconiosis, enfermedades pulmonares por agentes externos y otras",Hombres,Ciudad Real,13,8817
9,2019,"Neumoconiosis, enfermedades pulmonares por agentes externos y otras",Hombres,Cuenca,16,3142
9,2019,"Neumoconiosis, enfermedades pulmonares por agentes externos y otras",Hombres,Cáceres,10,5898
9,2019,"Neumoconiosis, enfermedades pulmonares por agentes externos y otras",Hombres,Cádiz,11,12135
9,2019,"Neumoconiosis, enfermedades pulmonares por agentes externos y otras",Hombres,Córdoba,14,11734
9,2019,"Neumoconiosis, enfermedades pulmonares por agentes externos y otras",Hombres,Gipuzkoa,20,9539
9,2019,"Neumoconiosis, enfermedades pulmonares por agentes externos y otras",Hombres,Girona,17,10736
9,2019,"Neumoconiosis, enfermedades pulmonares por agentes externos y otras",Hombres,Granada,18,7803
9,2019,"Neumoconiosis, enfermedades pulmonares por agentes externos y otras",Hombres,Guadalajara,19,2408
9,2019,"Neumoconiosis, enfermedades pulmonares por agentes externos y otras",Hombres,Huelva,21,6461
9,2019,"Neumoconiosis, enfermedades pulmonares por agentes externos y otras",Hombres,Huesca,22,3441
9,2019,"Neumoconiosis, enfermedades pulmonares por agentes externos y otras",Hombres,Islas Baleares,7,12772
9,2019,"Neumoconiosis, enfermedades pulmonares por agentes externos y otras",Hombres,Jaén,23,6887
9,2019,"Neumoconiosis, enfermedades pulmonares por agentes externos y otras",Hombres,La Rioja,26,4653
9,2019,"Neumoconiosis, enfermedades pulmonares por agentes externos y otras",Hombres,León,24,10001
9,2019,"Neumoconiosis, enfermedades pulmonares por agentes externos y otras",Hombres,Lleida,25,4169
9,2019,"Neumoconiosis, enfermedades pulmonares por agentes externos y otras",Hombres,Lugo,27,4341
9,2019,"Neumoconiosis, enfermedades pulmonares por agentes externos y otras",Hombres,Madrid,28,108963
9,2019,"Neumoconiosis, enfermedades pulmonares por agentes externos y otras",Hombres,Melilla,52,151
9,2019,"Neumoconiosis, enfermedades pulmonares por agentes externos y otras",Hombres,Murcia,30,25526
9,2019,"Neumoconiosis, enfermedades pulmonares por agentes externos y otras",Hombres,Málaga,29,14949
9,2019,"Neumoconiosis, enfermedades pulmonares por agentes externos y otras",Hombres,Navarra,31,7791
9,2019,"Neumoconiosis, enfermedades pulmonares por agentes externos y otras",Hombres,Ourense,32,6062
9,2019,"Neumoconiosis, enfermedades pulmonares por agentes externos y otras",Hombres,Palencia,34,176
9,2019,"Neumoconiosis, enfermedades pulmonares por agentes externos y otras",Hombres,Pontevedra,36,20229
9,2019,"Neumoconiosis, enfermedades pulmonares por agentes externos y otras",Hombres,Salamanca,37,4604
9,2019,"Neumoconiosis, enfermedades pulmonares por agentes externos y otras",Hombres,Santa Cruz de Tenerife,38,27205
9,2019,"Neumoconiosis, enfermedades pulmonares por agentes externos y otras",Hombres,Segovia,40,178
9,2019,"Neumoconiosis, enfermedades pulmonares por agentes externos y otras",Hombres,Sevilla,41,18339
9,2019,"Neumoconiosis, enfermedades pulmonares por agentes externos y otras",Hombres,Soria,42,2563
9,2019,"Neumoconiosis, enfermedades pulmonares por agentes externos y otras",Hombres,Tarragona,43,16468
9,2019,"Neumoconiosis, enfermedades pulmonares por agentes externos y otras",Hombres,Teruel,44,293
9,2019,"Neumoconiosis, enfermedades pulmonares por agentes externos y otras",Hombres,Toledo,45,8468
9,2019,"Neumoconiosis, enfermedades pulmonares por agentes externos y otras",Hombres,Valencia,46,30645
9,2019,"Neumoconiosis, enfermedades pulmonares por agentes externos y otras",Hombres,Valladolid,47,8083
9,2019,"Neumoconiosis, enfermedades pulmonares por agentes externos y otras",Hombres,Zamora,49,207
9,2019,"Neumoconiosis, enfermedades pulmonares por agentes externos y otras",Hombres,Zaragoza,50,12709
9,2019,"Neumoconiosis, enfermedades pulmonares por agentes externos y otras",Hombres,Álava,1,6188
9,2019,"Neumoconiosis, enfermedades pulmonares por agentes externos y otras",Hombres,Ávila,5,3303
9,2019,"Neumoconiosis, enfermedades pulmonares por agentes externos y otras",Mujeres,A Coruña,15,20217
9,2019,"Neumoconiosis, enfermedades pulmonares por agentes externos y otras",Mujeres,Albacete,2,5033
9,2019,"Neumoconiosis, enfermedades pulmonares por agentes externos y otras",Mujeres,Alicante,3,18319
9,2019,"Neumoconiosis, enfermedades pulmonares por agentes externos y otras",Mujeres,Almería,4,6344
9,2019,"Neumoconiosis, enfermedades pulmonares por agentes externos y otras",Mujeres,Asturias,33,23814
9,2019,"Neumoconiosis, enfermedades pulmonares por agentes externos y otras",Mujeres,Badajoz,6,12147
9,2019,"Neumoconiosis, enfermedades pulmonares por agentes externos y otras",Mujeres,Barcelona,8,92044
9,2019,"Neumoconiosis, enfermedades pulmonares por agentes externos y otras",Mujeres,Bizkaia,48,1195
9,2019,"Neumoconiosis, enfermedades pulmonares por agentes externos y otras",Mujeres,Burgos,9,6981
9,2019,"Neumoconiosis, enfermedades pulmonares por agentes externos y otras",Mujeres,Cantabria,39,8192
9,2019,"Neumoconiosis, enfermedades pulmonares por agentes externos y otras",Mujeres,Castellón,12,6297
9,2019,"Neumoconiosis, enfermedades pulmonares por agentes externos y otras",Mujeres,Ceuta,51,6520
9,2019,"Neumoconiosis, enfermedades pulmonares por agentes externos y otras",Mujeres,Ciudad Real,13,8444
9,2019,"Neumoconiosis, enfermedades pulmonares por agentes externos y otras",Mujeres,Cuenca,16,3054
9,2019,"Neumoconiosis, enfermedades pulmonares por agentes externos y otras",Mujeres,Cáceres,10,8048
9,2019,"Neumoconiosis, enfermedades pulmonares por agentes externos y otras",Mujeres,Cádiz,11,1077
9,2019,"Neumoconiosis, enfermedades pulmonares por agentes externos y otras",Mujeres,Córdoba,14,10923
9,2019,"Neumoconiosis, enfermedades pulmonares por agentes externos y otras",Mujeres,Gipuzkoa,20,8235
9,2019,"Neumoconiosis, enfermedades pulmonares por agentes externos y otras",Mujeres,Girona,17,10172
9,2019,"Neumoconiosis, enfermedades pulmonares por agentes externos y otras",Mujeres,Granada,18,7853
9,2019,"Neumoconiosis, enfermedades pulmonares por agentes externos y otras",Mujeres,Guadalajara,19,1885
9,2019,"Neumoconiosis, enfermedades pulmonares por agentes externos y otras",Mujeres,Huelva,21,5823
9,2019,"Neumoconiosis, enfermedades pulmonares por agentes externos y otras",Mujeres,Huesca,22,2639
9,2019,"Neumoconiosis, enfermedades pulmonares por agentes externos y otras",Mujeres,Islas Baleares,7,10128
9,2019,"Neumoconiosis, enfermedades pulmonares por agentes externos y otras",Mujeres,Jaén,23,6927
9,2019,"Neumoconiosis, enfermedades pulmonares por agentes externos y otras",Mujeres,La Rioja,26,4478
9,2019,"Neumoconiosis, enfermedades pulmonares por agentes externos y otras",Mujeres,León,24,1026
9,2019,"Neumoconiosis, enfermedades pulmonares por agentes externos y otras",Mujeres,Lleida,25,4866
9,2019,"Neumoconiosis, enfermedades pulmonares por agentes externos y otras",Mujeres,Lugo,27,3625
9,2019,"Neumoconiosis, enfermedades pulmonares por agentes externos y otras",Mujeres,Madrid,28,82415
9,2019,"Neumoconiosis, enfermedades pulmonares por agentes externos y otras",Mujeres,Melilla,52,1514
9,2019,"Neumoconiosis, enfermedades pulmonares por agentes externos y otras",Mujeres,Murcia,30,21821
9,2019,"Neumoconiosis, enfermedades pulmonares por agentes externos y otras",Mujeres,Málaga,29,1025
9,2019,"Neumoconiosis, enfermedades pulmonares por agentes externos y otras",Mujeres,Navarra,31,6726
9,2019,"Neumoconiosis, enfermedades pulmonares por agentes externos y otras",Mujeres,Ourense,32,5361
9,2019,"Neumoconiosis, enfermedades pulmonares por agentes externos y otras",Mujeres,Palencia,34,2531
9,2019,"Neumoconiosis, enfermedades pulmonares por agentes externos y otras",Mujeres,Pontevedra,36,1903
9,2019,"Neumoconiosis, enfermedades pulmonares por agentes externos y otras",Mujeres,Salamanca,37,3486
9,2019,"Neumoconiosis, enfermedades pulmonares por agentes externos y otras",Mujeres,Santa Cruz de Tenerife,38,37086
9,2019,"Neumoconiosis, enfermedades pulmonares por agentes externos y otras",Mujeres,Segovia,40,1219
9,2019,"Neumoconiosis, enfermedades pulmonares por agentes externos y otras",Mujeres,Sevilla,41,13836
9,2019,"Neumoconiosis, enfermedades pulmonares por agentes externos y otras",Mujeres,Soria,42,2082
9,2019,"Neumoconiosis, enfermedades pulmonares por agentes externos y otras",Mujeres,Tarragona,43,16013
9,2019,"Neumoconiosis, enfermedades pulmonares por agentes externos y otras",Mujeres,Teruel,44,239
9,2019,"Neumoconiosis, enfermedades pulmonares por agentes externos y otras",Mujeres,Toledo,45,706
9,2019,"Neumoconiosis, enfermedades pulmonares por agentes externos y otras",Mujeres,Valencia,46,25367
9,2019,"Neumoconiosis, enfermedades pulmonares por agentes externos y otras",Mujeres,Valladolid,47,7334
9,2019,"Neumoconiosis, enfermedades pulmonares por agentes externos y otras",Mujeres,Zamora,49,2727
9,2019,"Neumoconiosis, enfermedades pulmonares por agentes externos y otras",Mujeres,Zaragoza,50,12157
9,2019,"Neumoconiosis, enfermedades pulmonares por agentes externos y otras",Mujeres,Álava,1,5096
9,2019,"Neumoconiosis, enfermedades pulmonares por agentes externos y otras",Mujeres,Ávila,5,2497
