Año,Emisión,Emisión_ID,Provincia,Provincia_ID,Emisión Anual
2012,As,1,Álava,1,0.3552
2012,As,1,Alicante,3,0.2681
2012,As,1,Almería,4,0.5523
2012,As,1,Badajoz,6,0.3676
2012,As,1,Islas Baleares,7,1.1795
2012,As,1,Barcelona,8,1.3641
2012,As,1,Cáceres,10,0.2121
2012,As,1,Cádiz,11,0.9225
2012,As,1,Castellón,12,0.6681
2012,As,1,Ciudad Real,13,0.6776
2012,As,1,Córdoba,14,0.6451
2012,As,1,Girona,17,0.5862
2012,As,1,Granada,18,0.4263
2012,As,1,Huelva,21,3.3463
2012,As,1,Jaén,23,0.4337
2012,As,1,León,24,0.252
2012,As,1,Lleida,25,0.5632
2012,As,1,Madrid,28,1.1083
2012,As,1,Málaga,29,0.3851
2012,As,1,Murcia,30,0.2315
2012,As,1,Asturias,33,0.1432
2012,As,1,Cantabria,39,0.239
2012,As,1,Sevilla,41,0.8611
2012,As,1,Soria,42,0.1575
2012,As,1,Tarragona,43,0.5462
2012,As,1,Toledo,45,0.4972
2012,As,1,Valencia,46,0.401
2012,As,1,Valladolid,47,0.0698
2012,As,1,Bizkaia,48,0.7331
2012,As,1,Zamora,49,0.1291
2012,BaP,2,Álava,1,0.1368
2012,BaP,2,Alicante,3,0.0902
2012,BaP,2,Badajoz,6,0.0325
2012,BaP,2,Islas Baleares,7,0.0154
2012,BaP,2,Barcelona,8,0.2245
2012,BaP,2,Cáceres,10,0.039
2012,BaP,2,Castellón,12,0.0854
2012,BaP,2,Ciudad Real,13,0.3992
2012,BaP,2,Girona,17,0.3516
2012,BaP,2,Granada,18,0.0845
2012,BaP,2,Lleida,25,0.5552
2012,BaP,2,Madrid,28,0.1188
2012,BaP,2,Asturias,33,0.0469
2012,BaP,2,Cantabria,39,0.2693
2012,BaP,2,Tarragona,43,0.134
2012,BaP,2,Toledo,45,0.1009
2012,BaP,2,Valencia,46,0.141
2012,BaP,2,Bizkaia,48,0.1629
2012,Cd,3,Álava,1,0.202
2012,Cd,3,Alicante,3,0.0821
2012,Cd,3,Almería,4,0.0843
2012,Cd,3,Badajoz,6,0.0606
2012,Cd,3,Islas Baleares,7,0.1801
2012,Cd,3,Barcelona,8,0.3362
2012,Cd,3,Cáceres,10,0.0505
2012,Cd,3,Cádiz,11,0.1749
2012,Cd,3,Castellón,12,0.2805
2012,Cd,3,Ciudad Real,13,0.0824
2012,Cd,3,Córdoba,14,1.1759
2012,Cd,3,Girona,17,0.1691
2012,Cd,3,Granada,18,0.1063
2012,Cd,3,Huelva,21,0.4467
2012,Cd,3,Jaén,23,0.0924
2012,Cd,3,León,24,0.061
2012,Cd,3,Lleida,25,0.1321
2012,Cd,3,Madrid,28,0.1802
2012,Cd,3,Málaga,29,0.0896
2012,Cd,3,Murcia,30,0.1319
2012,Cd,3,Asturias,33,0.0644
2012,Cd,3,Cantabria,39,0.2137
2012,Cd,3,Sevilla,41,0.2314
2012,Cd,3,Soria,42,0.0863
2012,Cd,3,Tarragona,43,0.1166
2012,Cd,3,Toledo,45,0.2103
2012,Cd,3,Valencia,46,0.1114
2012,Cd,3,Valladolid,47,0.0385
2012,Cd,3,Bizkaia,48,1.2957
2012,Cd,3,Zamora,49,0.0555
2012,Ni,4,Álava,1,2.3649
2012,Ni,4,Alicante,3,3.1832
2012,Ni,4,Almería,4,4.8142
2012,Ni,4,Badajoz,6,4.7741
2012,Ni,4,Islas Baleares,7,3.8986
2012,Ni,4,Barcelona,8,3.9854
2012,Ni,4,Cáceres,10,4.8414
2012,Ni,4,Cádiz,11,14.0723
2012,Ni,4,Castellón,12,2.2073
2012,Ni,4,Ciudad Real,13,3.607
2012,Ni,4,Córdoba,14,2.1564
2012,Ni,4,Girona,17,2.6451
2012,Ni,4,Granada,18,6.2608
2012,Ni,4,Huelva,21,2.6026
2012,Ni,4,Jaén,23,3.1815
2012,Ni,4,León,24,1.5174
2012,Ni,4,Lleida,25,2.5188
2012,Ni,4,Madrid,28,3.3918
2012,Ni,4,Málaga,29,3.1443
2012,Ni,4,Murcia,30,2.1947
2012,Ni,4,Asturias,33,1.0045
2012,Ni,4,Cantabria,39,2.4345
2012,Ni,4,Sevilla,41,2.6927
2012,Ni,4,Soria,42,1.3876
2012,Ni,4,Tarragona,43,3.6942
2012,Ni,4,Toledo,45,2.2187
2012,Ni,4,Valencia,46,2.4445
2012,Ni,4,Valladolid,47,0.995
2012,Ni,4,Bizkaia,48,8.418
2012,Ni,4,Zamora,49,1.3364
2012,PM10,5,Álava,1,10.6331
2012,PM10,5,Alicante,3,21.9283
2012,PM10,5,Almería,4,25.3795
2012,PM10,5,Badajoz,6,14.9272
2012,PM10,5,Islas Baleares,7,19.2809
2012,PM10,5,Barcelona,8,26.5121
2012,PM10,5,Cáceres,10,12.7091
2012,PM10,5,Cádiz,11,26.0824
2012,PM10,5,Castellón,12,19.1205
2012,PM10,5,Córdoba,14,24.9661
2012,PM10,5,A Coruña,15,7.9886
2012,PM10,5,Girona,17,23.3875
2012,PM10,5,Granada,18,36.6532
2012,PM10,5,Guadalajara,19,9.5887
2012,PM10,5,Gipuzkoa,20,15.8938
2012,PM10,5,Huelva,21,26.486
2012,PM10,5,Huesca,22,18.5602
2012,PM10,5,Jaén,23,31.7135
2012,PM10,5,León,24,19.2392
2012,PM10,5,Lleida,25,22.9759
2012,PM10,5,Lugo,27,10.7016
2012,PM10,5,Málaga,29,24.2584
2012,PM10,5,Asturias,33,16.1868
2012,PM10,5,Palencia,34,13.5484
2012,PM10,5,Sevilla,41,28.9829
2012,PM10,5,Soria,42,20.1048
2012,PM10,5,Tarragona,43,21.0039
2012,PM10,5,Teruel,44,19.7185
2012,PM10,5,Toledo,45,11.7823
2012,PM10,5,Valencia,46,22.3915
2012,PM10,5,Valladolid,47,14.0081
2012,PM10,5,Zamora,49,11.2732
2012,PM10,5,Zaragoza,50,18.7762
2012,PM25,6,Alicante,3,13.4266
2012,PM25,6,Almería,4,12.9886
2012,PM25,6,Badajoz,6,7.8289
2012,PM25,6,Islas Baleares,7,10.1899
2012,PM25,6,Barcelona,8,15.9203
2012,PM25,6,Burgos,9,9.7809
2012,PM25,6,Cádiz,11,16.0152
2012,PM25,6,Castellón,12,13.7981
2012,PM25,6,Córdoba,14,10.9992
2012,PM25,6,A Coruña,15,20.0925
2012,PM25,6,Girona,17,10.4802
2012,PM25,6,Granada,18,16.8535
2012,PM25,6,Guadalajara,19,4.7083
2012,PM25,6,Huelva,21,19.3283
2012,PM25,6,Huesca,22,8.9954
2012,PM25,6,Jaén,23,15.3858
2012,PM25,6,Lleida,25,14.3356
2012,PM25,6,La Rioja,26,10.423
2012,PM25,6,Lugo,27,7.5726
2012,PM25,6,Madrid,28,13.1063
2012,PM25,6,Málaga,29,10.271
2012,PM25,6,Murcia,30,14.6374
2012,PM25,6,Navarra,31,12.023
2012,PM25,6,Asturias,33,9.7144
2012,PM25,6,Cantabria,39,11.6095
2012,PM25,6,Sevilla,41,14.2155
2012,PM25,6,Tarragona,43,13.0082
2012,PM25,6,Teruel,44,10.5968
2012,PM25,6,Toledo,45,5.5551
2012,PM25,6,Valencia,46,12.0044
2012,PM25,6,Bizkaia,48,11.9422
2012,PM25,6,Zamora,49,4.4812
2012,PM25,6,Zaragoza,50,12.3014
2012,Pb,7,Álava,1,0.016
2012,Pb,7,Alicante,3,0.0019
2012,Pb,7,Almería,4,0.0045
2012,Pb,7,Badajoz,6,0.0023
2012,Pb,7,Islas Baleares,7,0.0029
2012,Pb,7,Barcelona,8,0.0121
2012,Pb,7,Cáceres,10,0.0023
2012,Pb,7,Cádiz,11,0.0069
2012,Pb,7,Castellón,12,0.012
2012,Pb,7,Ciudad Real,13,0.0047
2012,Pb,7,Córdoba,14,0.0233
2012,Pb,7,Girona,17,0.0094
2012,Pb,7,Granada,18,0.0041
2012,Pb,7,Huelva,21,0.0109
2012,Pb,7,Jaén,23,0.0099
2012,Pb,7,León,24,0.0031
2012,Pb,7,Lleida,25,0.0036
2012,Pb,7,Madrid,28,0.0039
2012,Pb,7,Málaga,29,0.0036
2012,Pb,7,Murcia,30,0.0065
2012,Pb,7,Asturias,33,0.0175
2012,Pb,7,Cantabria,39,0.0162
2012,Pb,7,Sevilla,41,0.0068
2012,Pb,7,Soria,42,0.0019
2012,Pb,7,Tarragona,43,0.0038
2012,Pb,7,Toledo,45,0.0025
2012,Pb,7,Valencia,46,0.0034
2012,Pb,7,Valladolid,47,0.0101
2012,Pb,7,Bizkaia,48,0.0498
2012,Pb,7,Zamora,49,0.0018
2013,As,1,Álava,1,0.2968
2013,As,1,Albacete,2,0.7
2013,As,1,Alicante,3,0.1855
2013,As,1,Almería,4,0.4211
2013,As,1,Badajoz,6,0.3231
2013,As,1,Islas Baleares,7,0.6363
2013,As,1,Barcelona,8,0.997
2013,As,1,Burgos,9,0.03
2013,As,1,Cáceres,10,0.2218
2013,As,1,Cádiz,11,0.4949
2013,As,1,Castellón,12,0.7898
2013,As,1,Ciudad Real,13,1.3347
2013,As,1,Córdoba,14,0.4868
2013,As,1,Girona,17,0.6832
2013,As,1,Granada,18,0.3619
2013,As,1,Gipuzkoa,20,0.2466
2013,As,1,Huelva,21,2.4273
2013,As,1,Jaén,23,0.3464
2013,As,1,León,24,5.7452
2013,As,1,Lleida,25,0.567
2013,As,1,Madrid,28,1.073
2013,As,1,Málaga,29,0.373
2013,As,1,Murcia,30,0.1628
2013,As,1,Asturias,33,0.1608
2013,As,1,Palencia,34,0.0461
2013,As,1,Cantabria,39,0.3139
2013,As,1,Sevilla,41,0.6361
2013,As,1,Soria,42,0.03
2013,As,1,Tarragona,43,0.5838
2013,As,1,Toledo,45,0.7
2013,As,1,Valencia,46,0.3523
2013,As,1,Bizkaia,48,0.6597
2013,As,1,Zaragoza,50,0.2798
2013,BaP,2,Álava,1,0.1169
2013,BaP,2,Albacete,2,0.14
2013,BaP,2,Alicante,3,0.0601
2013,BaP,2,Almería,4,0.0317
2013,BaP,2,Badajoz,6,0.0971
2013,BaP,2,Islas Baleares,7,0.0599
2013,BaP,2,Barcelona,8,0.2774
2013,BaP,2,Cáceres,10,0.0211
2013,BaP,2,Cádiz,11,0.0179
2013,BaP,2,Castellón,12,0.087
2013,BaP,2,Ciudad Real,13,0.14
2013,BaP,2,Córdoba,14,0.037
2013,BaP,2,A Coruña,15,0.4706
2013,BaP,2,Girona,17,0.2595
2013,BaP,2,Granada,18,0.093
2013,BaP,2,Gipuzkoa,20,0.0975
2013,BaP,2,Huelva,21,0.0217
2013,BaP,2,Jaén,23,0.2025
2013,BaP,2,Lleida,25,0.465
2013,BaP,2,Madrid,28,0.1397
2013,BaP,2,Málaga,29,0.0209
2013,BaP,2,Asturias,33,0.0407
2013,BaP,2,Cantabria,39,0.2295
2013,BaP,2,Sevilla,41,0.0292
2013,BaP,2,Tarragona,43,0.1304
2013,BaP,2,Toledo,45,0.0648
2013,BaP,2,Valencia,46,0.1122
2013,BaP,2,Bizkaia,48,0.344
2013,Cd,3,Álava,1,0.2
2013,Cd,3,Albacete,2,0.8535
2013,Cd,3,Alicante,3,0.0636
2013,Cd,3,Almería,4,0.0801
2013,Cd,3,Badajoz,6,0.1444
2013,Cd,3,Islas Baleares,7,0.0901
2013,Cd,3,Barcelona,8,0.362
2013,Cd,3,Burgos,9,0.039
2013,Cd,3,Cáceres,10,0.1085
2013,Cd,3,Cádiz,11,0.3752
2013,Cd,3,Castellón,12,0.1261
2013,Cd,3,Ciudad Real,13,0.7
2013,Cd,3,Córdoba,14,1.3132
2013,Cd,3,Girona,17,0.1608
2013,Cd,3,Granada,18,0.131
2013,Cd,3,Gipuzkoa,20,0.203
2013,Cd,3,Huelva,21,0.4189
2013,Cd,3,Jaén,23,0.1035
2013,Cd,3,León,24,0.0629
2013,Cd,3,Lleida,25,0.1345
2013,Cd,3,Madrid,28,0.1526
2013,Cd,3,Málaga,29,0.1069
2013,Cd,3,Murcia,30,0.1492
2013,Cd,3,Asturias,33,0.0759
2013,Cd,3,Palencia,34,0.0404
2013,Cd,3,Cantabria,39,0.1857
2013,Cd,3,Sevilla,41,0.1642
2013,Cd,3,Soria,42,0.0484
2013,Cd,3,Tarragona,43,0.1153
2013,Cd,3,Toledo,45,0.7
2013,Cd,3,Valencia,46,0.077
2013,Cd,3,Bizkaia,48,0.8359
2013,Cd,3,Zaragoza,50,0.058
2013,Ni,4,Álava,1,2.2728
2013,Ni,4,Albacete,2,2.8306
2013,Ni,4,Alicante,3,2.3022
2013,Ni,4,Almería,4,5.0544
2013,Ni,4,Badajoz,6,1.5328
2013,Ni,4,Islas Baleares,7,1.7568
2013,Ni,4,Barcelona,8,3.8493
2013,Ni,4,Burgos,9,1.3817
2013,Ni,4,Cáceres,10,1.7845
2013,Ni,4,Cádiz,11,10.0149
2013,Ni,4,Castellón,12,1.8105
2013,Ni,4,Ciudad Real,13,3.8389
2013,Ni,4,Córdoba,14,3.0035
2013,Ni,4,Girona,17,2.3929
2013,Ni,4,Granada,18,6.0222
2013,Ni,4,Gipuzkoa,20,2.1344
2013,Ni,4,Huelva,21,2.488
2013,Ni,4,Jaén,23,3.6982
2013,Ni,4,León,24,1.1012
2013,Ni,4,Lleida,25,2.2899
2013,Ni,4,Madrid,28,3.1872
2013,Ni,4,Málaga,29,4.2575
2013,Ni,4,Murcia,30,1.5724
2013,Ni,4,Asturias,33,1.1326
2013,Ni,4,Palencia,34,1.1686
2013,Ni,4,Cantabria,39,1.6817
2013,Ni,4,Sevilla,41,2.3835
2013,Ni,4,Soria,42,1.1465
2013,Ni,4,Tarragona,43,3.8048
2013,Ni,4,Toledo,45,0.7068
2013,Ni,4,Valencia,46,2.8017
2013,Ni,4,Bizkaia,48,8.1352
2013,Ni,4,Zaragoza,50,1.1802
2013,PM10,5,Álava,1,8.6599
2013,PM10,5,Alicante,3,18.4981
2013,PM10,5,Almería,4,24.1902
2013,PM10,5,Badajoz,6,13.4768
2013,PM10,5,Islas Baleares,7,17.3629
2013,PM10,5,Barcelona,8,22.2544
2013,PM10,5,Cáceres,10,10.7754
2013,PM10,5,Cádiz,11,24.5592
2013,PM10,5,Castellón,12,15.6428
2013,PM10,5,Córdoba,14,19.2452
2013,PM10,5,A Coruña,15,6.5665
2013,PM10,5,Girona,17,19.9685
2013,PM10,5,Granada,18,23.9126
2013,PM10,5,Guadalajara,19,6.168
2013,PM10,5,Gipuzkoa,20,12.6761
2013,PM10,5,Huelva,21,23.4634
2013,PM10,5,Huesca,22,12.8226
2013,PM10,5,Jaén,23,27.776
2013,PM10,5,Lleida,25,17.1944
2013,PM10,5,Lugo,27,9.6035
2013,PM10,5,Málaga,29,23.3613
2013,PM10,5,Asturias,33,15.5228
2013,PM10,5,Sevilla,41,24.7135
2013,PM10,5,Tarragona,43,16.1933
2013,PM10,5,Teruel,44,15.5877
2013,PM10,5,Toledo,45,9.8777
2013,PM10,5,Valencia,46,16.7353
2013,PM10,5,Zamora,49,8.0054
2013,PM10,5,Zaragoza,50,13.9919
2013,PM25,6,Alicante,3,12.5175
2013,PM25,6,Almería,4,11.3938
2013,PM25,6,Badajoz,6,7.7015
2013,PM25,6,Islas Baleares,7,8.6332
2013,PM25,6,Barcelona,8,13.5736
2013,PM25,6,Burgos,9,8.8666
2013,PM25,6,Cáceres,10,8.9177
2013,PM25,6,Cádiz,11,12.8098
2013,PM25,6,Castellón,12,13.393
2013,PM25,6,Córdoba,14,8.2377
2013,PM25,6,A Coruña,15,14.9728
2013,PM25,6,Girona,17,10.1249
2013,PM25,6,Granada,18,13.6286
2013,PM25,6,Guadalajara,19,4.6048
2013,PM25,6,Gipuzkoa,20,10.4476
2013,PM25,6,Huelva,21,15.6055
2013,PM25,6,Huesca,22,10.8581
2013,PM25,6,Jaén,23,15.2379
2013,PM25,6,León,24,10.828
2013,PM25,6,Lleida,25,11.6
2013,PM25,6,La Rioja,26,8.9828
2013,PM25,6,Lugo,27,6.5363
2013,PM25,6,Madrid,28,10.5336
2013,PM25,6,Málaga,29,12.6873
2013,PM25,6,Murcia,30,9.5336
2013,PM25,6,Navarra,31,8.4966
2013,PM25,6,Asturias,33,9.357
2013,PM25,6,Cantabria,39,9.9966
2013,PM25,6,Sevilla,41,13.1585
2013,PM25,6,Tarragona,43,11.0415
2013,PM25,6,Teruel,44,8.1048
2013,PM25,6,Toledo,45,5.3548
2013,PM25,6,Valencia,46,9.3867
2013,PM25,6,Bizkaia,48,12.9973
2013,PM25,6,Zamora,49,4.5269
2013,PM25,6,Zaragoza,50,10.1915
2013,Pb,7,Álava,1,0.0116
2013,Pb,7,Albacete,2,0.0045
2013,Pb,7,Alicante,3,0.001
2013,Pb,7,Almería,4,0.0049
2013,Pb,7,Badajoz,6,0.0024
2013,Pb,7,Islas Baleares,7,0.0012
2013,Pb,7,Barcelona,8,0.0138
2013,Pb,7,Burgos,9,0.0009
2013,Pb,7,Cáceres,10,0.0019
2013,Pb,7,Cádiz,11,0.0057
2013,Pb,7,Castellón,12,0.0291
2013,Pb,7,Ciudad Real,13,0.0028
2013,Pb,7,Córdoba,14,0.0201
2013,Pb,7,Girona,17,0.0076
2013,Pb,7,Granada,18,0.0034
2013,Pb,7,Gipuzkoa,20,0.0107
2013,Pb,7,Huelva,21,0.0072
2013,Pb,7,Jaén,23,0.0136
2013,Pb,7,León,24,0.0017
2013,Pb,7,Lleida,25,0.003
2013,Pb,7,Madrid,28,0.0041
2013,Pb,7,Málaga,29,0.0033
2013,Pb,7,Murcia,30,0.0039
2013,Pb,7,Asturias,33,0.0204
2013,Pb,7,Palencia,34,0.0019
2013,Pb,7,Cantabria,39,0.0126
2013,Pb,7,Sevilla,41,0.0049
2013,Pb,7,Soria,42,0.0026
2013,Pb,7,Tarragona,43,0.0036
2013,Pb,7,Toledo,45,0.0013
2013,Pb,7,Valencia,46,0.0019
2013,Pb,7,Valladolid,47,0.0585
2013,Pb,7,Bizkaia,48,0.0375
2013,Pb,7,Zaragoza,50,0.0025
2014,As,1,Álava,1,0.2861
2014,As,1,Alicante,3,0.3165
2014,As,1,Almería,4,0.4462
2014,As,1,Badajoz,6,0.1131
2014,As,1,Islas Baleares,7,0.7009
2014,As,1,Barcelona,8,0.9665
2014,As,1,Burgos,9,0.03
2014,As,1,Cáceres,10,0.2004
2014,As,1,Cádiz,11,0.4376
2014,As,1,Castellón,12,0.5789
2014,As,1,Ciudad Real,13,0.4609
2014,As,1,Córdoba,14,0.4952
2014,As,1,A Coruña,15,0.3002
2014,As,1,Girona,17,0.635
2014,As,1,Granada,18,0.4053
2014,As,1,Guadalajara,19,0.2506
2014,As,1,Gipuzkoa,20,0.2322
2014,As,1,Huelva,21,2.1113
2014,As,1,Jaén,23,0.3788
2014,As,1,Lleida,25,0.7808
2014,As,1,Lugo,27,0.5008
2014,As,1,Madrid,28,0.6434
2014,As,1,Málaga,29,0.4765
2014,As,1,Murcia,30,0.1551
2014,As,1,Navarra,31,0.273
2014,As,1,Asturias,33,0.4824
2014,As,1,Pontevedra,36,0.3954
2014,As,1,Salamanca,37,0.3487
2014,As,1,Santa Cruz de Tenerife,38,1.25
2014,As,1,Cantabria,39,0.3421
2014,As,1,Sevilla,41,0.6549
2014,As,1,Tarragona,43,0.5933
2014,As,1,Toledo,45,0.4796
2014,As,1,Valencia,46,0.3264
2014,As,1,Valladolid,47,0.3297
2014,As,1,Bizkaia,48,0.6507
2014,As,1,Zaragoza,50,0.3661
2014,BaP,2,Álava,1,0.0712
2014,BaP,2,Alicante,3,0.0565
2014,BaP,2,Almería,4,0.053
2014,BaP,2,Badajoz,6,0.0451
2014,BaP,2,Islas Baleares,7,0.0316
2014,BaP,2,Barcelona,8,0.2042
2014,BaP,2,Cáceres,10,0.0216
2014,BaP,2,Cádiz,11,0.0419
2014,BaP,2,Castellón,12,0.0802
2014,BaP,2,Ciudad Real,13,0.1785
2014,BaP,2,Córdoba,14,0.0596
2014,BaP,2,A Coruña,15,0.2934
2014,BaP,2,Girona,17,0.295
2014,BaP,2,Granada,18,0.2184
2014,BaP,2,Gipuzkoa,20,0.0676
2014,BaP,2,Huelva,21,0.0443
2014,BaP,2,Jaén,23,0.2464
2014,BaP,2,Lleida,25,0.3667
2014,BaP,2,Lugo,27,0.3233
2014,BaP,2,Madrid,28,0.0942
2014,BaP,2,Málaga,29,0.0475
2014,BaP,2,Navarra,31,0.2207
2014,BaP,2,Asturias,33,0.2675
2014,BaP,2,Pontevedra,36,0.0779
2014,BaP,2,Santa Cruz de Tenerife,38,0.0327
2014,BaP,2,Cantabria,39,0.1846
2014,BaP,2,Sevilla,41,0.0868
2014,BaP,2,Tarragona,43,0.1717
2014,BaP,2,Toledo,45,0.0337
2014,BaP,2,Valencia,46,0.0795
2014,BaP,2,Bizkaia,48,0.0987
2014,Cd,3,Álava,1,0.2174
2014,Cd,3,Alicante,3,0.0607
2014,Cd,3,Almería,4,0.066
2014,Cd,3,Badajoz,6,0.2007
2014,Cd,3,Islas Baleares,7,0.1136
2014,Cd,3,Barcelona,8,0.3384
2014,Cd,3,Burgos,9,0.0289
2014,Cd,3,Cáceres,10,0.4177
2014,Cd,3,Cádiz,11,0.1957
2014,Cd,3,Castellón,12,0.1008
2014,Cd,3,Ciudad Real,13,0.1281
2014,Cd,3,Córdoba,14,0.9062
2014,Cd,3,A Coruña,15,0.1845
2014,Cd,3,Girona,17,0.1652
2014,Cd,3,Granada,18,0.095
2014,Cd,3,Guadalajara,19,0.5025
2014,Cd,3,Gipuzkoa,20,0.2033
2014,Cd,3,Huelva,21,0.1751
2014,Cd,3,Jaén,23,0.0797
2014,Cd,3,Lleida,25,0.123
2014,Cd,3,Lugo,27,0.167
2014,Cd,3,Madrid,28,0.2005
2014,Cd,3,Málaga,29,0.0681
2014,Cd,3,Murcia,30,0.1389
2014,Cd,3,Navarra,31,0.1952
2014,Cd,3,Asturias,33,0.2696
2014,Cd,3,Pontevedra,36,0.1035
2014,Cd,3,Salamanca,37,0.0242
2014,Cd,3,Santa Cruz de Tenerife,38,0.1295
2014,Cd,3,Cantabria,39,0.2007
2014,Cd,3,Sevilla,41,0.1358
2014,Cd,3,Tarragona,43,0.12
2014,Cd,3,Toledo,45,0.1016
2014,Cd,3,Valencia,46,0.0681
2014,Cd,3,Valladolid,47,0.1113
2014,Cd,3,Bizkaia,48,0.6943
2014,Cd,3,Zaragoza,50,0.0713
2014,Ni,4,Álava,1,2.1991
2014,Ni,4,Alicante,3,3.5916
2014,Ni,4,Almería,4,4.5535
2014,Ni,4,Badajoz,6,1.0155
2014,Ni,4,Islas Baleares,7,3.6785
2014,Ni,4,Barcelona,8,3.7687
2014,Ni,4,Burgos,9,1.3246
2014,Ni,4,Cáceres,10,0.6993
2014,Ni,4,Cádiz,11,12.1078
2014,Ni,4,Castellón,12,1.7134
2014,Ni,4,Ciudad Real,13,2.4405
2014,Ni,4,Córdoba,14,1.8348
2014,Ni,4,A Coruña,15,3.1974
2014,Ni,4,Girona,17,2.5136
2014,Ni,4,Granada,18,5.6386
2014,Ni,4,Guadalajara,19,0.5549
2014,Ni,4,Gipuzkoa,20,2.0233
2014,Ni,4,Huelva,21,2.6089
2014,Ni,4,Jaén,23,2.8526
2014,Ni,4,Lleida,25,2.4585
2014,Ni,4,Lugo,27,5.2479
2014,Ni,4,Madrid,28,2.811
2014,Ni,4,Málaga,29,4.1031
2014,Ni,4,Murcia,30,1.5144
2014,Ni,4,Navarra,31,1.0484
2014,Ni,4,Asturias,33,3.2152
2014,Ni,4,Pontevedra,36,3.2344
2014,Ni,4,Salamanca,37,1.0676
2014,Ni,4,Santa Cruz de Tenerife,38,2.8444
2014,Ni,4,Cantabria,39,3.1393
2014,Ni,4,Sevilla,41,2.1019
2014,Ni,4,Tarragona,43,3.1702
2014,Ni,4,Toledo,45,1.216
2014,Ni,4,Valencia,46,2.5864
2014,Ni,4,Valladolid,47,1.697
2014,Ni,4,Bizkaia,48,6.428
2014,Ni,4,Zaragoza,50,1.1707
2014,PM10,5,Álava,1,9.1116
2014,PM10,5,Alicante,3,20.181
2014,PM10,5,Almería,4,22.5959
2014,PM10,5,Badajoz,6,13.5569
2014,PM10,5,Islas Baleares,7,18.8132
2014,PM10,5,Barcelona,8,23.1492
2014,PM10,5,Cáceres,10,11.7784
2014,PM10,5,Cádiz,11,22.5251
2014,PM10,5,Castellón,12,17.8711
2014,PM10,5,Córdoba,14,21.5423
2014,PM10,5,A Coruña,15,5.9516
2014,PM10,5,Girona,17,19.9314
2014,PM10,5,Granada,18,22.5237
2014,PM10,5,Guadalajara,19,8.3723
2014,PM10,5,Gipuzkoa,20,11.7177
2014,PM10,5,Huelva,21,21.6106
2014,PM10,5,Huesca,22,16.8306
2014,PM10,5,Jaén,23,27.1366
2014,PM10,5,Lleida,25,18.1328
2014,PM10,5,Lugo,27,9.6694
2014,PM10,5,Málaga,29,24.1398
2014,PM10,5,Asturias,33,16.7218
2014,PM10,5,Sevilla,41,21.5675
2014,PM10,5,Tarragona,43,19.9282
2014,PM10,5,Teruel,44,17.3152
2014,PM10,5,Toledo,45,11.2527
2014,PM10,5,Valencia,46,19.3018
2014,PM10,5,Zamora,49,8.4556
2014,PM10,5,Zaragoza,50,17.6801
2014,PM25,6,Alicante,3,11.4374
2014,PM25,6,Almería,4,11.461
2014,PM25,6,Badajoz,6,7.7509
2014,PM25,6,Islas Baleares,7,9.7614
2014,PM25,6,Barcelona,8,13.2404
2014,PM25,6,Burgos,9,7.1026
2014,PM25,6,Cádiz,11,12.4739
2014,PM25,6,Castellón,12,11.797
2014,PM25,6,Córdoba,14,10.7111
2014,PM25,6,A Coruña,15,12.5665
2014,PM25,6,Girona,17,9.8665
2014,PM25,6,Granada,18,12.9238
2014,PM25,6,Guadalajara,19,4.5806
2014,PM25,6,Gipuzkoa,20,7.4906
2014,PM25,6,Huelva,21,11.5359
2014,PM25,6,Jaén,23,17.6075
2014,PM25,6,Lleida,25,10.5808
2014,PM25,6,La Rioja,26,13.7763
2014,PM25,6,Lugo,27,7.2581
2014,PM25,6,Madrid,28,11.0987
2014,PM25,6,Málaga,29,11.7818
2014,PM25,6,Murcia,30,10.5727
2014,PM25,6,Navarra,31,10.5293
2014,PM25,6,Asturias,33,9.2388
2014,PM25,6,Cantabria,39,9.2826
2014,PM25,6,Sevilla,41,11.978
2014,PM25,6,Tarragona,43,10.5598
2014,PM25,6,Toledo,45,5.2863
2014,PM25,6,Valencia,46,10.7997
2014,PM25,6,Bizkaia,48,9.3374
2014,PM25,6,Zamora,49,4.504
2014,PM25,6,Zaragoza,50,11.5736
2014,Pb,7,Álava,1,0.0119
2014,Pb,7,Alicante,3,0.0015
2014,Pb,7,Almería,4,0.0046
2014,Pb,7,Badajoz,6,0.0019
2014,Pb,7,Islas Baleares,7,0.0023
2014,Pb,7,Barcelona,8,0.0125
2014,Pb,7,Burgos,9,0.0023
2014,Pb,7,Cáceres,10,0.0008
2014,Pb,7,Cádiz,11,0.0063
2014,Pb,7,Castellón,12,0.0086
2014,Pb,7,Ciudad Real,13,0.0019
2014,Pb,7,Córdoba,14,0.022
2014,Pb,7,A Coruña,15,0.0026
2014,Pb,7,Girona,17,0.0082
2014,Pb,7,Granada,18,0.0045
2014,Pb,7,Guadalajara,19,0.0032
2014,Pb,7,Gipuzkoa,20,0.0103
2014,Pb,7,Huelva,21,0.0059
2014,Pb,7,Jaén,23,0.0113
2014,Pb,7,Lleida,25,0.0029
2014,Pb,7,Lugo,27,0.005
2014,Pb,7,Madrid,28,0.0046
2014,Pb,7,Málaga,29,0.0033
2014,Pb,7,Murcia,30,0.0024
2014,Pb,7,Asturias,33,0.0125
2014,Pb,7,Pontevedra,36,0.0053
2014,Pb,7,Salamanca,37,0.0022
2014,Pb,7,Santa Cruz de Tenerife,38,0.003
2014,Pb,7,Cantabria,39,0.0079
2014,Pb,7,Sevilla,41,0.0048
2014,Pb,7,Tarragona,43,0.0036
2014,Pb,7,Toledo,45,0.0014
2014,Pb,7,Valencia,46,0.0018
2014,Pb,7,Valladolid,47,0.0355
2014,Pb,7,Bizkaia,48,0.0351
2014,Pb,7,Zaragoza,50,0.0034
2015,As,1,Álava,1,0.3708
2015,As,1,Alicante,3,0.214
2015,As,1,Almería,4,0.5242
2015,As,1,Ávila,5,0.0421
2015,As,1,Badajoz,6,0.0726
2015,As,1,Islas Baleares,7,0.6643
2015,As,1,Barcelona,8,0.9519
2015,As,1,Cáceres,10,0.4323
2015,As,1,Cádiz,11,0.4818
2015,As,1,Castellón,12,0.556
2015,As,1,Ciudad Real,13,0.259
2015,As,1,Córdoba,14,0.6454
2015,As,1,A Coruña,15,1.0262
2015,As,1,Girona,17,0.5946
2015,As,1,Granada,18,0.4262
2015,As,1,Gipuzkoa,20,0.2835
2015,As,1,Huelva,21,2.0621
2015,As,1,Jaén,23,0.4811
2015,As,1,León,24,2.026
2015,As,1,Lleida,25,0.5943
2015,As,1,Madrid,28,0.5797
2015,As,1,Málaga,29,0.3712
2015,As,1,Murcia,30,0.1747
2015,As,1,Navarra,31,0.2554
2015,As,1,Asturias,33,0.3907
2015,As,1,Salamanca,37,0.9971
2015,As,1,Santa Cruz de Tenerife,38,0.2577
2015,As,1,Cantabria,39,0.2647
2015,As,1,Sevilla,41,0.7932
2015,As,1,Tarragona,43,0.5952
2015,As,1,Toledo,45,0.204
2015,As,1,Valencia,46,0.4365
2015,As,1,Valladolid,47,0.2291
2015,As,1,Bizkaia,48,0.7061
2015,As,1,Zaragoza,50,0.3605
2015,BaP,2,Álava,1,0.1018
2015,BaP,2,Alicante,3,0.0691
2015,BaP,2,Almería,4,0.0725
2015,BaP,2,Badajoz,6,0.0167
2015,BaP,2,Islas Baleares,7,0.0268
2015,BaP,2,Barcelona,8,0.2571
2015,BaP,2,Cáceres,10,0.0127
2015,BaP,2,Cádiz,11,0.0487
2015,BaP,2,Castellón,12,0.09
2015,BaP,2,Ciudad Real,13,0.1904
2015,BaP,2,Córdoba,14,0.075
2015,BaP,2,A Coruña,15,0.1413
2015,BaP,2,Girona,17,0.3615
2015,BaP,2,Granada,18,0.2818
2015,BaP,2,Gipuzkoa,20,0.08
2015,BaP,2,Huelva,21,0.0425
2015,BaP,2,Jaén,23,0.2992
2015,BaP,2,Lleida,25,0.4685
2015,BaP,2,Lugo,27,0.1304
2015,BaP,2,Madrid,28,0.1031
2015,BaP,2,Málaga,29,0.0375
2015,BaP,2,Navarra,31,0.1188
2015,BaP,2,Asturias,33,0.2946
2015,BaP,2,Pontevedra,36,0.0641
2015,BaP,2,Santa Cruz de Tenerife,38,0.0876
2015,BaP,2,Cantabria,39,0.421
2015,BaP,2,Sevilla,41,0.2183
2015,BaP,2,Tarragona,43,0.1599
2015,BaP,2,Toledo,45,0.0278
2015,BaP,2,Valencia,46,0.1392
2015,BaP,2,Bizkaia,48,0.088
2015,Cd,3,Álava,1,0.226
2015,Cd,3,Alicante,3,0.0626
2015,Cd,3,Almería,4,0.1256
2015,Cd,3,Ávila,5,0.2005
2015,Cd,3,Badajoz,6,0.0701
2015,Cd,3,Islas Baleares,7,0.1114
2015,Cd,3,Barcelona,8,0.3456
2015,Cd,3,Cáceres,10,0.1065
2015,Cd,3,Cádiz,11,0.1418
2015,Cd,3,Castellón,12,0.0828
2015,Cd,3,Ciudad Real,13,0.0668
2015,Cd,3,Córdoba,14,1.6211
2015,Cd,3,A Coruña,15,0.8198
2015,Cd,3,Girona,17,0.2043
2015,Cd,3,Granada,18,0.0949
2015,Cd,3,Gipuzkoa,20,0.2096
2015,Cd,3,Huelva,21,0.1899
2015,Cd,3,Jaén,23,0.0994
2015,Cd,3,León,24,0.0554
2015,Cd,3,Lleida,25,0.1279
2015,Cd,3,Madrid,28,0.3089
2015,Cd,3,Málaga,29,0.0684
2015,Cd,3,Murcia,30,0.138
2015,Cd,3,Navarra,31,0.0705
2015,Cd,3,Asturias,33,0.2795
2015,Cd,3,Salamanca,37,0.0469
2015,Cd,3,Santa Cruz de Tenerife,38,0.148
2015,Cd,3,Cantabria,39,0.5191
2015,Cd,3,Sevilla,41,0.1583
2015,Cd,3,Tarragona,43,0.1139
2015,Cd,3,Toledo,45,0.0516
2015,Cd,3,Valencia,46,0.0823
2015,Cd,3,Valladolid,47,0.1852
2015,Cd,3,Bizkaia,48,0.8914
2015,Cd,3,Zaragoza,50,0.0722
2015,Ni,4,Álava,1,2.2882
2015,Ni,4,Alicante,3,2.6108
2015,Ni,4,Almería,4,4.9267
2015,Ni,4,Ávila,5,0.6395
2015,Ni,4,Badajoz,6,0.5298
2015,Ni,4,Islas Baleares,7,2.3283
2015,Ni,4,Barcelona,8,3.995
2015,Ni,4,Cáceres,10,0.7067
2015,Ni,4,Cádiz,11,10.3231
2015,Ni,4,Castellón,12,1.3815
2015,Ni,4,Ciudad Real,13,1.1548
2015,Ni,4,Córdoba,14,2.5413
2015,Ni,4,A Coruña,15,5.6184
2015,Ni,4,Girona,17,2.5955
2015,Ni,4,Granada,18,7.613
2015,Ni,4,Gipuzkoa,20,2.0751
2015,Ni,4,Huelva,21,2.5783
2015,Ni,4,Jaén,23,4.1476
2015,Ni,4,León,24,1.3483
2015,Ni,4,Lleida,25,2.4169
2015,Ni,4,Madrid,28,2.3428
2015,Ni,4,Málaga,29,4.8474
2015,Ni,4,Murcia,30,1.4968
2015,Ni,4,Navarra,31,1.577
2015,Ni,4,Asturias,33,2.4557
2015,Ni,4,Salamanca,37,0.9243
2015,Ni,4,Santa Cruz de Tenerife,38,3.7793
2015,Ni,4,Cantabria,39,2.2723
2015,Ni,4,Sevilla,41,2.6005
2015,Ni,4,Tarragona,43,3.7695
2015,Ni,4,Toledo,45,0.9531
2015,Ni,4,Valencia,46,2.4324
2015,Ni,4,Valladolid,47,0.7712
2015,Ni,4,Bizkaia,48,5.3647
2015,Ni,4,Zaragoza,50,1.2333
2015,PM10,5,Álava,1,14.5551
2015,PM10,5,Alicante,3,20.5398
2015,PM10,5,Almería,4,22.333
2015,PM10,5,Ávila,5,12.8774
2015,PM10,5,Badajoz,6,15.1527
2015,PM10,5,Islas Baleares,7,17.8831
2015,PM10,5,Barcelona,8,26.4228
2015,PM10,5,Cáceres,10,13.5596
2015,PM10,5,Cádiz,11,24.4084
2015,PM10,5,Castellón,12,20.5805
2015,PM10,5,Córdoba,14,23.9107
2015,PM10,5,A Coruña,15,6.4019
2015,PM10,5,Girona,17,24.4904
2015,PM10,5,Granada,18,28.5369
2015,PM10,5,Guadalajara,19,9.0901
2015,PM10,5,Gipuzkoa,20,12.2782
2015,PM10,5,Huelva,21,24.5467
2015,PM10,5,Huesca,22,20.4171
2015,PM10,5,Jaén,23,33.3024
2015,PM10,5,León,24,13.2258
2015,PM10,5,Lleida,25,22.2235
2015,PM10,5,Lugo,27,10.078
2015,PM10,5,Málaga,29,24.7129
2015,PM10,5,Murcia,30,23.5031
2015,PM10,5,Asturias,33,16.4167
2015,PM10,5,Salamanca,37,15.3613
2015,PM10,5,Sevilla,41,26.497
2015,PM10,5,Tarragona,43,23.9742
2015,PM10,5,Teruel,44,17.2548
2015,PM10,5,Toledo,45,13.4691
2015,PM10,5,Valencia,46,21.6018
2015,PM10,5,Valladolid,47,21.3545
2015,PM10,5,Zamora,49,9.1532
2015,PM10,5,Zaragoza,50,19.7688
2015,PM25,6,Alicante,3,12.7795
2015,PM25,6,Almería,4,11.3795
2015,PM25,6,Badajoz,6,8.5684
2015,PM25,6,Islas Baleares,7,11.3474
2015,PM25,6,Barcelona,8,16.2419
2015,PM25,6,Burgos,9,8.9435
2015,PM25,6,Cáceres,10,7.9134
2015,PM25,6,Cádiz,11,14.4039
2015,PM25,6,Castellón,12,17.0709
2015,PM25,6,Córdoba,14,9.6882
2015,PM25,6,A Coruña,15,16.9136
2015,PM25,6,Girona,17,12.0635
2015,PM25,6,Granada,18,17.0063
2015,PM25,6,Guadalajara,19,4.7487
2015,PM25,6,Gipuzkoa,20,8.5484
2015,PM25,6,Huelva,21,18.0228
2015,PM25,6,Huesca,22,11.7742
2015,PM25,6,Jaén,23,20.5881
2015,PM25,6,Lleida,25,12.673
2015,PM25,6,La Rioja,26,12.0484
2015,PM25,6,Lugo,27,8.3952
2015,PM25,6,Madrid,28,12.3599
2015,PM25,6,Málaga,29,14.2558
2015,PM25,6,Murcia,30,12.4867
2015,PM25,6,Navarra,31,11.6142
2015,PM25,6,Asturias,33,10.0048
2015,PM25,6,Cantabria,39,9.8909
2015,PM25,6,Sevilla,41,15.3674
2015,PM25,6,Tarragona,43,12.6973
2015,PM25,6,Teruel,44,8.4984
2015,PM25,6,Toledo,45,6.5981
2015,PM25,6,Valencia,46,12.1532
2015,PM25,6,Bizkaia,48,11.1304
2015,PM25,6,Zamora,49,5.7204
2015,PM25,6,Zaragoza,50,13.1337
2015,Pb,7,Álava,1,0.014
2015,Pb,7,Alicante,3,0.0019
2015,Pb,7,Almería,4,0.0039
2015,Pb,7,Ávila,5,0.0014
2015,Pb,7,Badajoz,6,0.0019
2015,Pb,7,Islas Baleares,7,0.0034
2015,Pb,7,Barcelona,8,0.0118
2015,Pb,7,Cáceres,10,0.0015
2015,Pb,7,Cádiz,11,0.0064
2015,Pb,7,Castellón,12,0.0204
2015,Pb,7,Córdoba,14,0.0315
2015,Pb,7,A Coruña,15,0.108
2015,Pb,7,Girona,17,0.0088
2015,Pb,7,Granada,18,0.0044
2015,Pb,7,Gipuzkoa,20,0.0104
2015,Pb,7,Huelva,21,0.006
2015,Pb,7,Jaén,23,0.0104
2015,Pb,7,León,24,0.0026
2015,Pb,7,Lleida,25,0.0029
2015,Pb,7,Madrid,28,0.0063
2015,Pb,7,Málaga,29,0.004
2015,Pb,7,Murcia,30,0.0024
2015,Pb,7,Asturias,33,0.0064
2015,Pb,7,Salamanca,37,0.11
2015,Pb,7,Santa Cruz de Tenerife,38,0.0022
2015,Pb,7,Cantabria,39,0.0108
2015,Pb,7,Sevilla,41,0.0068
2015,Pb,7,Tarragona,43,0.0039
2015,Pb,7,Toledo,45,0.0021
2015,Pb,7,Valencia,46,0.0155
2015,Pb,7,Valladolid,47,0.0336
2015,Pb,7,Bizkaia,48,0.0349
2015,Pb,7,Zaragoza,50,0.003
2016,As,1,Álava,1,0.3047
2016,As,1,Albacete,2,0.085
2016,As,1,Alicante,3,0.1963
2016,As,1,Almería,4,0.4061
2016,As,1,Badajoz,6,0.3548
2016,As,1,Islas Baleares,7,0.6479
2016,As,1,Barcelona,8,0.9657
2016,As,1,Burgos,9,0.0845
2016,As,1,Cáceres,10,0.2347
2016,As,1,Cádiz,11,0.361
2016,As,1,Castellón,12,0.5855
2016,As,1,Ciudad Real,13,0.113
2016,As,1,Córdoba,14,0.5041
2016,As,1,A Coruña,15,0.9023
2016,As,1,Girona,17,0.6161
2016,As,1,Granada,18,0.2822
2016,As,1,Huelva,21,1.9932
2016,As,1,Jaén,23,0.4147
2016,As,1,León,24,0.5218
2016,As,1,Lleida,25,0.588
2016,As,1,Madrid,28,0.4614
2016,As,1,Málaga,29,0.382
2016,As,1,Murcia,30,0.2213
2016,As,1,Ourense,32,1.7
2016,As,1,Asturias,33,0.4057
2016,As,1,Pontevedra,36,1.7
2016,As,1,Santa Cruz de Tenerife,38,0.2074
2016,As,1,Cantabria,39,0.2388
2016,As,1,Segovia,40,0.0895
2016,As,1,Sevilla,41,0.62
2016,As,1,Tarragona,43,0.5872
2016,As,1,Toledo,45,0.2222
2016,As,1,Valencia,46,0.2845
2016,As,1,Valladolid,47,0.035
2016,As,1,Bizkaia,48,0.3923
2016,As,1,Zaragoza,50,0.3438
2016,BaP,2,Álava,1,0.107
2016,BaP,2,Albacete,2,0.0074
2016,BaP,2,Alicante,3,0.0497
2016,BaP,2,Almería,4,0.0509
2016,BaP,2,Badajoz,6,0.0302
2016,BaP,2,Islas Baleares,7,0.0417
2016,BaP,2,Barcelona,8,0.1727
2016,BaP,2,Cádiz,11,0.0297
2016,BaP,2,Castellón,12,0.0558
2016,BaP,2,Ciudad Real,13,0.1937
2016,BaP,2,Córdoba,14,0.0658
2016,BaP,2,A Coruña,15,0.4514
2016,BaP,2,Girona,17,0.3135
2016,BaP,2,Granada,18,0.2413
2016,BaP,2,Gipuzkoa,20,0.091
2016,BaP,2,Huelva,21,0.0303
2016,BaP,2,Jaén,23,0.3669
2016,BaP,2,Lleida,25,0.2862
2016,BaP,2,Madrid,28,0.1068
2016,BaP,2,Málaga,29,0.0539
2016,BaP,2,Murcia,30,0.0396
2016,BaP,2,Ourense,32,0.5562
2016,BaP,2,Asturias,33,0.3514
2016,BaP,2,Pontevedra,36,0.1321
2016,BaP,2,Santa Cruz de Tenerife,38,0.0885
2016,BaP,2,Cantabria,39,0.1659
2016,BaP,2,Sevilla,41,0.1227
2016,BaP,2,Tarragona,43,0.1483
2016,BaP,2,Toledo,45,0.0725
2016,BaP,2,Valencia,46,0.0988
2016,BaP,2,Bizkaia,48,0.1325
2016,BaP,2,Zaragoza,50,0.1161
2016,Cd,3,Álava,1,0.2041
2016,Cd,3,Albacete,2,0.0046
2016,Cd,3,Alicante,3,0.0191
2016,Cd,3,Almería,4,0.13
2016,Cd,3,Badajoz,6,0.0596
2016,Cd,3,Islas Baleares,7,0.0766
2016,Cd,3,Barcelona,8,0.3145
2016,Cd,3,Burgos,9,0.062
2016,Cd,3,Cáceres,10,0.0404
2016,Cd,3,Cádiz,11,0.0951
2016,Cd,3,Castellón,12,0.0783
2016,Cd,3,Ciudad Real,13,0.0119
2016,Cd,3,Córdoba,14,1.0086
2016,Cd,3,A Coruña,15,0.6878
2016,Cd,3,Girona,17,0.2284
2016,Cd,3,Granada,18,0.0379
2016,Cd,3,Huelva,21,0.2653
2016,Cd,3,Jaén,23,0.1701
2016,Cd,3,León,24,0.0658
2016,Cd,3,Lleida,25,0.1293
2016,Cd,3,Madrid,28,0.2061
2016,Cd,3,Málaga,29,0.0779
2016,Cd,3,Murcia,30,0.1292
2016,Cd,3,Ourense,32,1.4
2016,Cd,3,Asturias,33,0.2788
2016,Cd,3,Pontevedra,36,2.0121
2016,Cd,3,Santa Cruz de Tenerife,38,0.1481
2016,Cd,3,Cantabria,39,0.2543
2016,Cd,3,Segovia,40,0.0454
2016,Cd,3,Sevilla,41,0.085
2016,Cd,3,Tarragona,43,0.1231
2016,Cd,3,Toledo,45,0.0126
2016,Cd,3,Valencia,46,0.0533
2016,Cd,3,Valladolid,47,0.0453
2016,Cd,3,Bizkaia,48,0.746
2016,Cd,3,Zaragoza,50,0.0802
2016,Ni,4,Álava,1,2.1727
2016,Ni,4,Albacete,2,0.2666
2016,Ni,4,Alicante,3,2.4969
2016,Ni,4,Almería,4,3.9667
2016,Ni,4,Badajoz,6,0.5333
2016,Ni,4,Islas Baleares,7,1.8518
2016,Ni,4,Barcelona,8,3.7848
2016,Ni,4,Burgos,9,1.2528
2016,Ni,4,Cáceres,10,0.4963
2016,Ni,4,Cádiz,11,7.9739
2016,Ni,4,Castellón,12,1.3247
2016,Ni,4,Ciudad Real,13,0.2413
2016,Ni,4,Córdoba,14,1.5188
2016,Ni,4,A Coruña,15,5.4511
2016,Ni,4,Girona,17,2.4478
2016,Ni,4,Granada,18,3.5705
2016,Ni,4,Guadalajara,19,1.6606
2016,Ni,4,Huelva,21,2.1413
2016,Ni,4,Jaén,23,6.1548
2016,Ni,4,León,24,2.9314
2016,Ni,4,Lleida,25,2.4979
2016,Ni,4,Madrid,28,2.7401
2016,Ni,4,Málaga,29,4.2128
2016,Ni,4,Murcia,30,1.5239
2016,Ni,4,Ourense,32,8.3
2016,Ni,4,Asturias,33,1.5488
2016,Ni,4,Pontevedra,36,8.3
2016,Ni,4,Santa Cruz de Tenerife,38,3.122
2016,Ni,4,Cantabria,39,1.5082
2016,Ni,4,Segovia,40,0.7721
2016,Ni,4,Sevilla,41,1.3845
2016,Ni,4,Tarragona,43,3.0493
2016,Ni,4,Toledo,45,0.194
2016,Ni,4,Valencia,46,2.0514
2016,Ni,4,Valladolid,47,0.4713
2016,Ni,4,Bizkaia,48,5.9944
2016,Ni,4,Zaragoza,50,1.2923
2016,PM10,5,Álava,1,12.5081
2016,PM10,5,Alicante,3,18.7659
2016,PM10,5,Almería,4,22.6522
2016,PM10,5,Ávila,5,16.0699
2016,PM10,5,Badajoz,6,17.1893
2016,PM10,5,Islas Baleares,7,15.9234
2016,PM10,5,Barcelona,8,23.1355
2016,PM10,5,Cáceres,10,14.806
2016,PM10,5,Cádiz,11,22.1678
2016,PM10,5,Castellón,12,17.1089
2016,PM10,5,Córdoba,14,23.9182
2016,PM10,5,A Coruña,15,7.8038
2016,PM10,5,Girona,17,20.7356
2016,PM10,5,Granada,18,27.9377
2016,PM10,5,Guadalajara,19,9.7715
2016,PM10,5,Gipuzkoa,20,11.6962
2016,PM10,5,Huelva,21,24.5104
2016,PM10,5,Huesca,22,16.9803
2016,PM10,5,Jaén,23,30.6716
2016,PM10,5,León,24,25.164
2016,PM10,5,Lleida,25,17.1031
2016,PM10,5,Lugo,27,8.9919
2016,PM10,5,Málaga,29,22.9788
2016,PM10,5,Murcia,30,27.4534
2016,PM10,5,Asturias,33,14.9073
2016,PM10,5,Salamanca,37,8.0323
2016,PM10,5,Segovia,40,23.6048
2016,PM10,5,Sevilla,41,24.5003
2016,PM10,5,Tarragona,43,18.4981
2016,PM10,5,Teruel,44,16.6075
2016,PM10,5,Toledo,45,12.5484
2016,PM10,5,Valencia,46,18.5564
2016,PM10,5,Valladolid,47,14.2903
2016,PM10,5,Zamora,49,7.5013
2016,PM10,5,Zaragoza,50,18.207
2016,PM25,6,Alicante,3,10.9758
2016,PM25,6,Almería,4,10.0296
2016,PM25,6,Badajoz,6,6.5789
2016,PM25,6,Islas Baleares,7,8.7205
2016,PM25,6,Barcelona,8,13.8905
2016,PM25,6,Burgos,9,8.4462
2016,PM25,6,Cáceres,10,9.3691
2016,PM25,6,Cádiz,11,12.0434
2016,PM25,6,Castellón,12,11.1392
2016,PM25,6,Córdoba,14,14.3343
2016,PM25,6,A Coruña,15,16.0109
2016,PM25,6,Girona,17,9.7403
2016,PM25,6,Granada,18,13.5932
2016,PM25,6,Guadalajara,19,3.9825
2016,PM25,6,Huelva,21,14.6935
2016,PM25,6,Huesca,22,9.372
2016,PM25,6,Jaén,23,18.4449
2016,PM25,6,Lleida,25,10.3321
2016,PM25,6,La Rioja,26,11.9843
2016,PM25,6,Lugo,27,7.9624
2016,PM25,6,Madrid,28,10.5078
2016,PM25,6,Málaga,29,11.9249
2016,PM25,6,Murcia,30,14.1009
2016,PM25,6,Navarra,31,7.4914
2016,PM25,6,Asturias,33,8.1626
2016,PM25,6,Cantabria,39,8.8622
2016,PM25,6,Sevilla,41,10.8597
2016,PM25,6,Tarragona,43,9.7662
2016,PM25,6,Teruel,44,4.9503
2016,PM25,6,Toledo,45,5.4825
2016,PM25,6,Valencia,46,10.9926
2016,PM25,6,Bizkaia,48,8.7855
2016,PM25,6,Zamora,49,4.0954
2016,PM25,6,Zaragoza,50,11.5679
2016,Pb,7,Álava,1,0.0135
2016,Pb,7,Albacete,2,0.0007
2016,Pb,7,Alicante,3,0.0101
2016,Pb,7,Almería,4,0.0032
2016,Pb,7,Badajoz,6,0.0018
2016,Pb,7,Islas Baleares,7,0.0015
2016,Pb,7,Barcelona,8,0.0115
2016,Pb,7,Burgos,9,0.0022
2016,Pb,7,Cáceres,10,0.0015
2016,Pb,7,Cádiz,11,0.0044
2016,Pb,7,Castellón,12,0.0183
2016,Pb,7,Ciudad Real,13,0.0006
2016,Pb,7,Córdoba,14,0.0262
2016,Pb,7,A Coruña,15,0.108
2016,Pb,7,Girona,17,0.0057
2016,Pb,7,Granada,18,0.0021
2016,Pb,7,Guadalajara,19,0.0021
2016,Pb,7,Huelva,21,0.0054
2016,Pb,7,Jaén,23,0.0145
2016,Pb,7,León,24,0.0034
2016,Pb,7,Lleida,25,0.0029
2016,Pb,7,Madrid,28,0.0475
2016,Pb,7,Málaga,29,0.0038
2016,Pb,7,Murcia,30,0.0027
2016,Pb,7,Ourense,32,0.108
2016,Pb,7,Asturias,33,0.0051
2016,Pb,7,Pontevedra,36,0.108
2016,Pb,7,Santa Cruz de Tenerife,38,0.0019
2016,Pb,7,Cantabria,39,0.0073
2016,Pb,7,Segovia,40,0.0016
2016,Pb,7,Sevilla,41,0.0044
2016,Pb,7,Tarragona,43,0.003
2016,Pb,7,Toledo,45,0.0004
2016,Pb,7,Valencia,46,0.0266
2016,Pb,7,Valladolid,47,0.0043
2016,Pb,7,Bizkaia,48,0.0247
2016,Pb,7,Zaragoza,50,0.0029
2017,As,1,Álava,1,0.3552
2017,As,1,Albacete,2,1.805
2017,As,1,Alicante,3,0.3035
2017,As,1,Almería,4,0.4577
2017,As,1,Badajoz,6,0.4003
2017,As,1,Islas Baleares,7,1.0169
2017,As,1,Barcelona,8,0.9399
2017,As,1,Burgos,9,0.0658
2017,As,1,Cáceres,10,0.3043
2017,As,1,Cádiz,11,0.4339
2017,As,1,Castellón,12,0.5323
2017,As,1,Ciudad Real,13,1.1262
2017,As,1,Córdoba,14,0.7269
2017,As,1,A Coruña,15,1.0966
2017,As,1,Girona,17,0.5809
2017,As,1,Granada,18,0.4529
2017,As,1,Guadalajara,19,0.1523
2017,As,1,Gipuzkoa,20,0.2507
2017,As,1,Huelva,21,3.1524
2017,As,1,Jaén,23,0.5073
2017,As,1,León,24,0.1919
2017,As,1,Lleida,25,0.4552
2017,As,1,Lugo,27,1.8
2017,As,1,Madrid,28,0.483
2017,As,1,Málaga,29,0.4407
2017,As,1,Murcia,30,0.1808
2017,As,1,Navarra,31,0.155
2017,As,1,Ourense,32,1.8
2017,As,1,Asturias,33,0.521
2017,As,1,Santa Cruz de Tenerife,38,0.2383
2017,As,1,Cantabria,39,0.2944
2017,As,1,Sevilla,41,0.8719
2017,As,1,Tarragona,43,0.5792
2017,As,1,Toledo,45,0.6878
2017,As,1,Valencia,46,0.3062
2017,As,1,Valladolid,47,0.1076
2017,As,1,Bizkaia,48,0.5794
2017,BaP,2,Álava,1,0.1591
2017,BaP,2,Albacete,2,0.0544
2017,BaP,2,Alicante,3,0.07
2017,BaP,2,Almería,4,0.0458
2017,BaP,2,Badajoz,6,0.0136
2017,BaP,2,Islas Baleares,7,0.0911
2017,BaP,2,Barcelona,8,0.2104
2017,BaP,2,Cáceres,10,0.0092
2017,BaP,2,Cádiz,11,0.038
2017,BaP,2,Castellón,12,0.0845
2017,BaP,2,Ciudad Real,13,0.2502
2017,BaP,2,Córdoba,14,0.0684
2017,BaP,2,A Coruña,15,0.4475
2017,BaP,2,Girona,17,0.3984
2017,BaP,2,Granada,18,0.3245
2017,BaP,2,Gipuzkoa,20,0.118
2017,BaP,2,Huelva,21,0.0368
2017,BaP,2,Jaén,23,0.3246
2017,BaP,2,Lleida,25,0.3619
2017,BaP,2,Lugo,27,0.2769
2017,BaP,2,Madrid,28,0.1011
2017,BaP,2,Málaga,29,0.063
2017,BaP,2,Murcia,30,0.032
2017,BaP,2,Navarra,31,0.1018
2017,BaP,2,Ourense,32,0.7394
2017,BaP,2,Asturias,33,0.9629
2017,BaP,2,Santa Cruz de Tenerife,38,0.0803
2017,BaP,2,Cantabria,39,0.1135
2017,BaP,2,Sevilla,41,0.1205
2017,BaP,2,Tarragona,43,0.1481
2017,BaP,2,Toledo,45,0.1106
2017,BaP,2,Valencia,46,0.094
2017,BaP,2,Bizkaia,48,0.1671
2017,Cd,3,Álava,1,0.22
2017,Cd,3,Albacete,2,0.347
2017,Cd,3,Alicante,3,0.0156
2017,Cd,3,Almería,4,0.0842
2017,Cd,3,Badajoz,6,0.0505
2017,Cd,3,Islas Baleares,7,0.1248
2017,Cd,3,Barcelona,8,0.3058
2017,Cd,3,Burgos,9,0.0941
2017,Cd,3,Cáceres,10,0.1673
2017,Cd,3,Cádiz,11,0.1312
2017,Cd,3,Castellón,12,0.0941
2017,Cd,3,Ciudad Real,13,0.3505
2017,Cd,3,Córdoba,14,1.6705
2017,Cd,3,A Coruña,15,0.784
2017,Cd,3,Girona,17,0.1573
2017,Cd,3,Granada,18,0.0552
2017,Cd,3,Guadalajara,19,0.0172
2017,Cd,3,Gipuzkoa,20,0.2091
2017,Cd,3,Huelva,21,0.2776
2017,Cd,3,Jaén,23,0.1528
2017,Cd,3,León,24,0.0613
2017,Cd,3,Lleida,25,0.097
2017,Cd,3,Lugo,27,1.4
2017,Cd,3,Madrid,28,0.0681
2017,Cd,3,Málaga,29,0.0898
2017,Cd,3,Murcia,30,0.13
2017,Cd,3,Navarra,31,0.0652
2017,Cd,3,Ourense,32,1.4516
2017,Cd,3,Asturias,33,0.3524
2017,Cd,3,Santa Cruz de Tenerife,38,0.14
2017,Cd,3,Cantabria,39,0.2194
2017,Cd,3,Sevilla,41,0.1003
2017,Cd,3,Tarragona,43,0.1168
2017,Cd,3,Toledo,45,0.186
2017,Cd,3,Valencia,46,0.0835
2017,Cd,3,Valladolid,47,0.0653
2017,Cd,3,Bizkaia,48,0.9283
2017,Ni,4,Álava,1,2.9395
2017,Ni,4,Albacete,2,1.414
2017,Ni,4,Alicante,3,2.4685
2017,Ni,4,Almería,4,5.5469
2017,Ni,4,Badajoz,6,0.8329
2017,Ni,4,Islas Baleares,7,2.4416
2017,Ni,4,Barcelona,8,3.9683
2017,Ni,4,Burgos,9,0.6525
2017,Ni,4,Cáceres,10,0.7989
2017,Ni,4,Cádiz,11,7.2652
2017,Ni,4,Castellón,12,1.4851
2017,Ni,4,Ciudad Real,13,1.4429
2017,Ni,4,Córdoba,14,1.7721
2017,Ni,4,A Coruña,15,5.949
2017,Ni,4,Girona,17,2.4609
2017,Ni,4,Granada,18,3.6076
2017,Ni,4,Guadalajara,19,2.8275
2017,Ni,4,Gipuzkoa,20,2.164
2017,Ni,4,Huelva,21,1.8706
2017,Ni,4,Jaén,23,6.4682
2017,Ni,4,León,24,1.0295
2017,Ni,4,Lleida,25,1.9391
2017,Ni,4,Lugo,27,8.3
2017,Ni,4,Madrid,28,2.1751
2017,Ni,4,Málaga,29,5.3004
2017,Ni,4,Murcia,30,1.4632
2017,Ni,4,Navarra,31,1.0347
2017,Ni,4,Ourense,32,8.3
2017,Ni,4,Asturias,33,2.0347
2017,Ni,4,Santa Cruz de Tenerife,38,2.9627
2017,Ni,4,Cantabria,39,2.1162
2017,Ni,4,Sevilla,41,2.0655
2017,Ni,4,Tarragona,43,3.3936
2017,Ni,4,Toledo,45,0.6563
2017,Ni,4,Valencia,46,2.6771
2017,Ni,4,Valladolid,47,0.9466
2017,Ni,4,Bizkaia,48,6.5358
2017,PM10,5,Álava,1,14.1855
2017,PM10,5,Albacete,2,27.1062
2017,PM10,5,Alicante,3,17.8658
2017,PM10,5,Almería,4,22.8007
2017,PM10,5,Ávila,5,15.0266
2017,PM10,5,Badajoz,6,17.4481
2017,PM10,5,Islas Baleares,7,17.9736
2017,PM10,5,Barcelona,8,24.4775
2017,PM10,5,Burgos,9,17.6001
2017,PM10,5,Cáceres,10,15.7361
2017,PM10,5,Cádiz,11,26.2078
2017,PM10,5,Castellón,12,15.3363
2017,PM10,5,Ciudad Real,13,24.9172
2017,PM10,5,Córdoba,14,26.0848
2017,PM10,5,A Coruña,15,18.8503
2017,PM10,5,Cuenca,16,28.6933
2017,PM10,5,Girona,17,21.3752
2017,PM10,5,Granada,18,30.8379
2017,PM10,5,Guadalajara,19,20.0578
2017,PM10,5,Gipuzkoa,20,16.4772
2017,PM10,5,Huelva,21,24.8557
2017,PM10,5,Huesca,22,18.5645
2017,PM10,5,Jaén,23,34.9875
2017,PM10,5,León,24,17.7416
2017,PM10,5,Lleida,25,18.0197
2017,PM10,5,La Rioja,26,17.3987
2017,PM10,5,Lugo,27,12.042
2017,PM10,5,Madrid,28,20.6531
2017,PM10,5,Málaga,29,24.6223
2017,PM10,5,Murcia,30,23.3311
2017,PM10,5,Navarra,31,14.6514
2017,PM10,5,Ourense,32,16.5492
2017,PM10,5,Asturias,33,24.0119
2017,PM10,5,Palencia,34,16.3421
2017,PM10,5,Las Palmas,35,30.4743
2017,PM10,5,Pontevedra,36,21.7971
2017,PM10,5,Salamanca,37,19.0328
2017,PM10,5,Santa Cruz de Tenerife,38,25.4994
2017,PM10,5,Cantabria,39,20.252
2017,PM10,5,Segovia,40,11.552
2017,PM10,5,Sevilla,41,30.1661
2017,PM10,5,Soria,42,15.8075
2017,PM10,5,Tarragona,43,19.0479
2017,PM10,5,Teruel,44,17.7608
2017,PM10,5,Toledo,45,25.6049
2017,PM10,5,Valencia,46,17.0101
2017,PM10,5,Valladolid,47,17.7003
2017,PM10,5,Bizkaia,48,17.9426
2017,PM10,5,Zamora,49,15.1522
2017,PM10,5,Zaragoza,50,18.708
2017,PM25,6,Álava,1,7.8364
2017,PM25,6,Albacete,2,11.1733
2017,PM25,6,Alicante,3,9.5615
2017,PM25,6,Almería,4,10.3202
2017,PM25,6,Badajoz,6,8.0775
2017,PM25,6,Islas Baleares,7,8.1272
2017,PM25,6,Barcelona,8,14.5692
2017,PM25,6,Burgos,9,6.1147
2017,PM25,6,Cáceres,10,6.9562
2017,PM25,6,Cádiz,11,14.2673
2017,PM25,6,Castellón,12,9.5197
2017,PM25,6,Ciudad Real,13,13.9825
2017,PM25,6,Córdoba,14,15.6374
2017,PM25,6,A Coruña,15,12.9913
2017,PM25,6,Girona,17,10.1441
2017,PM25,6,Granada,18,17.3889
2017,PM25,6,Guadalajara,19,3.711
2017,PM25,6,Gipuzkoa,20,8.4009
2017,PM25,6,Huelva,21,17.3092
2017,PM25,6,Huesca,22,10.031
2017,PM25,6,Jaén,23,22.463
2017,PM25,6,León,24,9.5057
2017,PM25,6,Lleida,25,10.8115
2017,PM25,6,La Rioja,26,8.1077
2017,PM25,6,Lugo,27,10.3161
2017,PM25,6,Madrid,28,10.9846
2017,PM25,6,Málaga,29,12.8887
2017,PM25,6,Murcia,30,12.4249
2017,PM25,6,Navarra,31,8.4651
2017,PM25,6,Ourense,32,9.738
2017,PM25,6,Asturias,33,11.5509
2017,PM25,6,Palencia,34,5.4331
2017,PM25,6,Las Palmas,35,8.7936
2017,PM25,6,Pontevedra,36,12.7901
2017,PM25,6,Santa Cruz de Tenerife,38,9.8036
2017,PM25,6,Cantabria,39,9.9667
2017,PM25,6,Sevilla,41,18.8221
2017,PM25,6,Tarragona,43,10.2276
2017,PM25,6,Teruel,44,5.2688
2017,PM25,6,Toledo,45,9.1069
2017,PM25,6,Valencia,46,9.2328
2017,PM25,6,Valladolid,47,11.9791
2017,PM25,6,Bizkaia,48,10.099
2017,PM25,6,Zamora,49,4.8965
2017,PM25,6,Zaragoza,50,13.496
2017,Pb,7,Albacete,2,0.004
2017,Pb,7,Alicante,3,0.0101
2017,Pb,7,Almería,4,0.0044
2017,Pb,7,Badajoz,6,0.0015
2017,Pb,7,Islas Baleares,7,0.0034
2017,Pb,7,Barcelona,8,0.0105
2017,Pb,7,Burgos,9,0.0022
2017,Pb,7,Cáceres,10,0.0014
2017,Pb,7,Cádiz,11,0.0044
2017,Pb,7,Castellón,12,0.012
2017,Pb,7,Ciudad Real,13,0.0023
2017,Pb,7,Córdoba,14,0.0539
2017,Pb,7,A Coruña,15,0.0324
2017,Pb,7,Girona,17,0.0049
2017,Pb,7,Granada,18,0.0036
2017,Pb,7,Guadalajara,19,0.004
2017,Pb,7,Huelva,21,0.0086
2017,Pb,7,Jaén,23,0.0257
2017,Pb,7,León,24,0.0014
2017,Pb,7,Lleida,25,0.0021
2017,Pb,7,Lugo,27,0.06
2017,Pb,7,Madrid,28,0.0031
2017,Pb,7,Málaga,29,0.0051
2017,Pb,7,Murcia,30,0.002
2017,Pb,7,Navarra,31,0.0018
2017,Pb,7,Ourense,32,0.06
2017,Pb,7,Asturias,33,0.0074
2017,Pb,7,Santa Cruz de Tenerife,38,0.0015
2017,Pb,7,Cantabria,39,0.009
2017,Pb,7,Sevilla,41,0.0053
2017,Pb,7,Tarragona,43,0.0026
2017,Pb,7,Toledo,45,0.0016
2017,Pb,7,Valencia,46,0.012
2017,Pb,7,Valladolid,47,0.0031
2018,As,1,Álava,1,0.3618
2018,As,1,Albacete,2,0.3485
2018,As,1,Alicante,3,0.2237
2018,As,1,Almería,4,0.2607
2018,As,1,Badajoz,6,0.3903
2018,As,1,Islas Baleares,7,0.9633
2018,As,1,Barcelona,8,0.9242
2018,As,1,Burgos,9,0.0944
2018,As,1,Cáceres,10,0.2358
2018,As,1,Cádiz,11,0.3142
2018,As,1,Castellón,12,0.5319
2018,As,1,Ciudad Real,13,0.3482
2018,As,1,Córdoba,14,0.471
2018,As,1,A Coruña,15,1.8112
2018,As,1,Girona,17,0.5936
2018,As,1,Granada,18,0.2111
2018,As,1,Guadalajara,19,0.1116
2018,As,1,Gipuzkoa,20,0.2566
2018,As,1,Huelva,21,2.1735
2018,As,1,Jaén,23,0.244
2018,As,1,Lleida,25,0.443
2018,As,1,Lugo,27,1.8
2018,As,1,Madrid,28,0.4092
2018,As,1,Málaga,29,0.2436
2018,As,1,Murcia,30,0.1421
2018,As,1,Navarra,31,0.188
2018,As,1,Ourense,32,1.8
2018,As,1,Asturias,33,0.5049
2018,As,1,Pontevedra,36,1.8
2018,As,1,Santa Cruz de Tenerife,38,0.1401
2018,As,1,Cantabria,39,0.2142
2018,As,1,Sevilla,41,0.413
2018,As,1,Tarragona,43,0.5729
2018,As,1,Toledo,45,0.2485
2018,As,1,Valencia,46,0.3087
2018,As,1,Bizkaia,48,0.5011
2018,BaP,2,Álava,1,0.0835
2018,BaP,2,Albacete,2,0.0488
2018,BaP,2,Alicante,3,0.0635
2018,BaP,2,Almería,4,0.0693
2018,BaP,2,Badajoz,6,0.0229
2018,BaP,2,Islas Baleares,7,0.0609
2018,BaP,2,Barcelona,8,0.1734
2018,BaP,2,Cáceres,10,0.006
2018,BaP,2,Cádiz,11,0.0843
2018,BaP,2,Castellón,12,0.0772
2018,BaP,2,Ciudad Real,13,0.5167
2018,BaP,2,Córdoba,14,0.0828
2018,BaP,2,A Coruña,15,0.8702
2018,BaP,2,Girona,17,0.3768
2018,BaP,2,Granada,18,0.1753
2018,BaP,2,Gipuzkoa,20,0.1236
2018,BaP,2,Huelva,21,0.0536
2018,BaP,2,Jaén,23,0.1855
2018,BaP,2,Lleida,25,0.2629
2018,BaP,2,Lugo,27,0.2894
2018,BaP,2,Madrid,28,0.1347
2018,BaP,2,Málaga,29,0.092
2018,BaP,2,Murcia,30,0.025
2018,BaP,2,Ourense,32,0.4441
2018,BaP,2,Asturias,33,0.7648
2018,BaP,2,Pontevedra,36,0.269
2018,BaP,2,Santa Cruz de Tenerife,38,0.08
2018,BaP,2,Cantabria,39,0.0883
2018,BaP,2,Sevilla,41,0.0834
2018,BaP,2,Tarragona,43,0.147
2018,BaP,2,Toledo,45,0.0374
2018,BaP,2,Valencia,46,0.1051
2018,BaP,2,Bizkaia,48,0.1432
2018,Cd,3,Álava,1,0.204
2018,Cd,3,Albacete,2,0.3485
2018,Cd,3,Alicante,3,0.0559
2018,Cd,3,Almería,4,0.0846
2018,Cd,3,Badajoz,6,0.0546
2018,Cd,3,Islas Baleares,7,0.562
2018,Cd,3,Barcelona,8,0.299
2018,Cd,3,Burgos,9,0.0877
2018,Cd,3,Cáceres,10,0.0303
2018,Cd,3,Cádiz,11,0.1299
2018,Cd,3,Castellón,12,0.0897
2018,Cd,3,Ciudad Real,13,0.3482
2018,Cd,3,Córdoba,14,1.1151
2018,Cd,3,A Coruña,15,1.4
2018,Cd,3,Girona,17,0.1857
2018,Cd,3,Granada,18,0.0379
2018,Cd,3,Guadalajara,19,0.0161
2018,Cd,3,Gipuzkoa,20,0.2085
2018,Cd,3,Huelva,21,0.1914
2018,Cd,3,Jaén,23,0.0636
2018,Cd,3,Lleida,25,0.0956
2018,Cd,3,Lugo,27,1.4
2018,Cd,3,Madrid,28,0.1101
2018,Cd,3,Málaga,29,0.069
2018,Cd,3,Murcia,30,0.13
2018,Cd,3,Navarra,31,0.089
2018,Cd,3,Ourense,32,1.4
2018,Cd,3,Asturias,33,0.3231
2018,Cd,3,Pontevedra,36,1.4
2018,Cd,3,Santa Cruz de Tenerife,38,0.14
2018,Cd,3,Cantabria,39,0.1128
2018,Cd,3,Sevilla,41,0.0611
2018,Cd,3,Tarragona,43,0.115
2018,Cd,3,Toledo,45,0.1695
2018,Cd,3,Valencia,46,0.092
2018,Cd,3,Bizkaia,48,0.7323
2018,Ni,4,Álava,1,2.3335
2018,Ni,4,Albacete,2,0.3937
2018,Ni,4,Alicante,3,2.7315
2018,Ni,4,Almería,4,2.5126
2018,Ni,4,Badajoz,6,1.1487
2018,Ni,4,Islas Baleares,7,3.9292
2018,Ni,4,Barcelona,8,3.7695
2018,Ni,4,Burgos,9,1.183
2018,Ni,4,Cáceres,10,0.555
2018,Ni,4,Cádiz,11,4.7578
2018,Ni,4,Castellón,12,1.334
2018,Ni,4,Ciudad Real,13,0.3482
2018,Ni,4,Córdoba,14,0.9183
2018,Ni,4,A Coruña,15,8.3
2018,Ni,4,Girona,17,2.5179
2018,Ni,4,Granada,18,2.6071
2018,Ni,4,Guadalajara,19,0.3969
2018,Ni,4,Gipuzkoa,20,2.1416
2018,Ni,4,Huelva,21,0.6716
2018,Ni,4,Jaén,23,1.8498
2018,Ni,4,Lleida,25,1.8322
2018,Ni,4,Lugo,27,8.3
2018,Ni,4,Madrid,28,2.0066
2018,Ni,4,Málaga,29,2.1015
2018,Ni,4,Murcia,30,1.4572
2018,Ni,4,Navarra,31,1.7984
2018,Ni,4,Ourense,32,8.3
2018,Ni,4,Asturias,33,6.8137
2018,Ni,4,Pontevedra,36,8.3
2018,Ni,4,Santa Cruz de Tenerife,38,6.123
2018,Ni,4,Cantabria,39,1.2858
2018,Ni,4,Sevilla,41,1.0093
2018,Ni,4,Tarragona,43,3.0993
2018,Ni,4,Toledo,45,0.4834
2018,Ni,4,Valencia,46,2.1097
2018,Ni,4,Bizkaia,48,6.0758
2018,PM10,5,Álava,1,13.5452
2018,PM10,5,Albacete,2,24.5067
2018,PM10,5,Alicante,3,16.2365
2018,PM10,5,Almería,4,22.4925
2018,PM10,5,Ávila,5,14.232
2018,PM10,5,Badajoz,6,13.9765
2018,PM10,5,Islas Baleares,7,17.51
2018,PM10,5,Barcelona,8,22.9716
2018,PM10,5,Burgos,9,16.3694
2018,PM10,5,Cáceres,10,13.478
2018,PM10,5,Cádiz,11,23.6066
2018,PM10,5,Castellón,12,14.1244
2018,PM10,5,Ciudad Real,13,26.4305
2018,PM10,5,Córdoba,14,20.9064
2018,PM10,5,A Coruña,15,16.6807
2018,PM10,5,Cuenca,16,27.496
2018,PM10,5,Girona,17,21.4017
2018,PM10,5,Granada,18,26.5073
2018,PM10,5,Guadalajara,19,18.7991
2018,PM10,5,Gipuzkoa,20,15.8
2018,PM10,5,Huelva,21,23.5988
2018,PM10,5,Huesca,22,15.427
2018,PM10,5,Jaén,23,28.3732
2018,PM10,5,León,24,15.106
2018,PM10,5,Lleida,25,16.3295
2018,PM10,5,La Rioja,26,17.879
2018,PM10,5,Lugo,27,9.9156
2018,PM10,5,Madrid,28,17.5118
2018,PM10,5,Málaga,29,24.4066
2018,PM10,5,Murcia,30,20.2864
2018,PM10,5,Navarra,31,14.1973
2018,PM10,5,Ourense,32,16.2542
2018,PM10,5,Asturias,33,21.7353
2018,PM10,5,Palencia,34,12.3315
2018,PM10,5,Las Palmas,35,25.2846
2018,PM10,5,Pontevedra,36,18.2592
2018,PM10,5,Salamanca,37,18.2917
2018,PM10,5,Santa Cruz de Tenerife,38,21.656
2018,PM10,5,Cantabria,39,19.4616
2018,PM10,5,Segovia,40,13.4462
2018,PM10,5,Sevilla,41,24.5793
2018,PM10,5,Soria,42,12.114
2018,PM10,5,Tarragona,43,18.3206
2018,PM10,5,Teruel,44,14.4323
2018,PM10,5,Toledo,45,21.6109
2018,PM10,5,Valencia,46,16.0908
2018,PM10,5,Valladolid,47,16.6428
2018,PM10,5,Bizkaia,48,16.5731
2018,PM10,5,Zamora,49,10.6912
2018,PM10,5,Zaragoza,50,13.9106
2018,PM25,6,Álava,1,7.5846
2018,PM25,6,Albacete,2,10.2078
2018,PM25,6,Alicante,3,9.3225
2018,PM25,6,Almería,4,12.076
2018,PM25,6,Badajoz,6,7.0009
2018,PM25,6,Islas Baleares,7,7.6258
2018,PM25,6,Barcelona,8,13.847
2018,PM25,6,Burgos,9,5.769
2018,PM25,6,Cáceres,10,9.7866
2018,PM25,6,Cádiz,11,15.3793
2018,PM25,6,Castellón,12,9.0291
2018,PM25,6,Ciudad Real,13,15.4444
2018,PM25,6,Córdoba,14,10.6461
2018,PM25,6,A Coruña,15,11.7377
2018,PM25,6,Girona,17,10.3618
2018,PM25,6,Granada,18,16.2634
2018,PM25,6,Guadalajara,19,4.4167
2018,PM25,6,Gipuzkoa,20,8.9434
2018,PM25,6,Huelva,21,16.5558
2018,PM25,6,Huesca,22,10.0119
2018,PM25,6,Jaén,23,20.86
2018,PM25,6,León,24,8.24
2018,PM25,6,Lleida,25,10.7615
2018,PM25,6,La Rioja,26,8.7898
2018,PM25,6,Lugo,27,10.2573
2018,PM25,6,Madrid,28,10.3515
2018,PM25,6,Málaga,29,14.1109
2018,PM25,6,Murcia,30,10.7501
2018,PM25,6,Navarra,31,11.5013
2018,PM25,6,Ourense,32,7.2608
2018,PM25,6,Asturias,33,10.3067
2018,PM25,6,Palencia,34,4.6228
2018,PM25,6,Las Palmas,35,7.6056
2018,PM25,6,Pontevedra,36,11.6151
2018,PM25,6,Santa Cruz de Tenerife,38,8.428
2018,PM25,6,Cantabria,39,9.9247
2018,PM25,6,Sevilla,41,15.224
2018,PM25,6,Tarragona,43,8.8133
2018,PM25,6,Teruel,44,6.0666
2018,PM25,6,Toledo,45,9.9979
2018,PM25,6,Valencia,46,9.6185
2018,PM25,6,Valladolid,47,10.6588
2018,PM25,6,Bizkaia,48,9.5565
2018,PM25,6,Zamora,49,4.2097
2018,PM25,6,Zaragoza,50,10.2728
2018,Pb,7,Álava,1,0.0123
2018,Pb,7,Albacete,2,0.0006
2018,Pb,7,Alicante,3,0.01
2018,Pb,7,Almería,4,0.0018
2018,Pb,7,Badajoz,6,0.0016
2018,Pb,7,Islas Baleares,7,0.1469
2018,Pb,7,Barcelona,8,0.0096
2018,Pb,7,Burgos,9,0.0018
2018,Pb,7,Cáceres,10,0.0012
2018,Pb,7,Cádiz,11,0.0033
2018,Pb,7,Castellón,12,0.0111
2018,Pb,7,Ciudad Real,13,0.0017
2018,Pb,7,Córdoba,14,0.0178
2018,Pb,7,A Coruña,15,0.06
2018,Pb,7,Girona,17,0.0043
2018,Pb,7,Granada,18,0.0016
2018,Pb,7,Guadalajara,19,0.0007
2018,Pb,7,Gipuzkoa,20,0.01
2018,Pb,7,Huelva,21,0.0056
2018,Pb,7,Jaén,23,0.009
2018,Pb,7,Lleida,25,0.002
2018,Pb,7,Lugo,27,0.06
2018,Pb,7,Madrid,28,0.0025
2018,Pb,7,Málaga,29,0.0022
2018,Pb,7,Murcia,30,0.0015
2018,Pb,7,Navarra,31,0.0018
2018,Pb,7,Ourense,32,0.06
2018,Pb,7,Asturias,33,0.0067
2018,Pb,7,Pontevedra,36,0.06
2018,Pb,7,Santa Cruz de Tenerife,38,0.001
2018,Pb,7,Cantabria,39,0.0066
2018,Pb,7,Sevilla,41,0.0026
2018,Pb,7,Tarragona,43,0.0025
2018,Pb,7,Toledo,45,0.0014
2018,Pb,7,Valencia,46,0.0103
2018,Pb,7,Bizkaia,48,0.0209
2019,As,1,Álava,1,0.3449
2019,As,1,Albacete,2,0.5513
2019,As,1,Alicante,3,0.3643
2019,As,1,Almería,4,0.5208
2019,As,1,Badajoz,6,0.4173
2019,As,1,Islas Baleares,7,0.9412
2019,As,1,Barcelona,8,0.9778
2019,As,1,Cáceres,10,0.2239
2019,As,1,Cádiz,11,0.548
2019,As,1,Castellón,12,0.4094
2019,As,1,Ciudad Real,13,0.4321
2019,As,1,Córdoba,14,0.6322
2019,As,1,A Coruña,15,1.6075
2019,As,1,Girona,17,0.6018
2019,As,1,Granada,18,0.2646
2019,As,1,Guadalajara,19,0.1022
2019,As,1,Gipuzkoa,20,0.2648
2019,As,1,Huelva,21,2.4559
2019,As,1,Jaén,23,0.4474
2019,As,1,Lleida,25,0.4299
2019,As,1,Lugo,27,1.8
2019,As,1,Madrid,28,0.3108
2019,As,1,Málaga,29,0.3554
2019,As,1,Murcia,30,0.1485
2019,As,1,Navarra,31,0.1383
2019,As,1,Ourense,32,2.0062
2019,As,1,Asturias,33,0.4772
2019,As,1,Santa Cruz de Tenerife,38,0.1847
2019,As,1,Cantabria,39,0.2711
2019,As,1,Sevilla,41,0.7775
2019,As,1,Tarragona,43,0.5746
2019,As,1,Toledo,45,0.304
2019,As,1,Valencia,46,0.2776
2019,As,1,Valladolid,47,0.1675
2019,As,1,Bizkaia,48,0.4817
2019,BaP,2,Álava,1,0.0747
2019,BaP,2,Albacete,2,0.0759
2019,BaP,2,Alicante,3,0.0839
2019,BaP,2,Almería,4,0.0926
2019,BaP,2,Badajoz,6,0.0367
2019,BaP,2,Islas Baleares,7,0.044
2019,BaP,2,Barcelona,8,0.1818
2019,BaP,2,Cáceres,10,0.0328
2019,BaP,2,Cádiz,11,0.0925
2019,BaP,2,Castellón,12,0.0413
2019,BaP,2,Ciudad Real,13,0.049
2019,BaP,2,Córdoba,14,0.096
2019,BaP,2,A Coruña,15,0.3349
2019,BaP,2,Girona,17,0.3437
2019,BaP,2,Granada,18,0.1246
2019,BaP,2,Gipuzkoa,20,0.0788
2019,BaP,2,Huelva,21,0.091
2019,BaP,2,Jaén,23,0.4589
2019,BaP,2,Lleida,25,0.2854
2019,BaP,2,Lugo,27,0.0992
2019,BaP,2,Madrid,28,0.0841
2019,BaP,2,Málaga,29,0.0964
2019,BaP,2,Murcia,30,0.0338
2019,BaP,2,Ourense,32,0.3683
2019,BaP,2,Asturias,33,0.7954
2019,BaP,2,Pontevedra,36,0.2066
2019,BaP,2,Santa Cruz de Tenerife,38,0.08
2019,BaP,2,Cantabria,39,0.1537
2019,BaP,2,Sevilla,41,0.0927
2019,BaP,2,Tarragona,43,0.1496
2019,BaP,2,Toledo,45,0.0247
2019,BaP,2,Valencia,46,0.0526
2019,BaP,2,Valladolid,47,0.1254
2019,BaP,2,Bizkaia,48,0.0795
2019,Cd,3,Álava,1,0.2051
2019,Cd,3,Albacete,2,0.0431
2019,Cd,3,Alicante,3,0.0665
2019,Cd,3,Almería,4,0.0681
2019,Cd,3,Badajoz,6,0.0508
2019,Cd,3,Islas Baleares,7,0.6281
2019,Cd,3,Barcelona,8,0.2933
2019,Cd,3,Cáceres,10,0.0242
2019,Cd,3,Cádiz,11,0.2678
2019,Cd,3,Castellón,12,0.1297
2019,Cd,3,Ciudad Real,13,0.0433
2019,Cd,3,Córdoba,14,0.9982
2019,Cd,3,A Coruña,15,1.2692
2019,Cd,3,Girona,17,0.183
2019,Cd,3,Granada,18,0.0507
2019,Cd,3,Guadalajara,19,0.0161
2019,Cd,3,Gipuzkoa,20,0.2156
2019,Cd,3,Huelva,21,0.3391
2019,Cd,3,Jaén,23,0.1245
2019,Cd,3,Lleida,25,0.0987
2019,Cd,3,Lugo,27,1.4
2019,Cd,3,Madrid,28,0.06
2019,Cd,3,Málaga,29,0.0682
2019,Cd,3,Murcia,30,0.13
2019,Cd,3,Navarra,31,0.1134
2019,Cd,3,Ourense,32,1.4204
2019,Cd,3,Asturias,33,0.36
2019,Cd,3,Santa Cruz de Tenerife,38,0.14
2019,Cd,3,Cantabria,39,0.7645
2019,Cd,3,Sevilla,41,0.0998
2019,Cd,3,Tarragona,43,0.1184
2019,Cd,3,Toledo,45,0.0304
2019,Cd,3,Valencia,46,0.0735
2019,Cd,3,Valladolid,47,0.1486
2019,Cd,3,Bizkaia,48,0.7323
2019,Ni,4,Álava,1,2.2446
2019,Ni,4,Albacete,2,0.8717
2019,Ni,4,Alicante,3,2.592
2019,Ni,4,Almería,4,5.7238
2019,Ni,4,Badajoz,6,0.7398
2019,Ni,4,Islas Baleares,7,3.1337
2019,Ni,4,Barcelona,8,3.7755
2019,Ni,4,Cáceres,10,0.537
2019,Ni,4,Cádiz,11,7.2567
2019,Ni,4,Castellón,12,1.2229
2019,Ni,4,Ciudad Real,13,1.6126
2019,Ni,4,Córdoba,14,1.7426
2019,Ni,4,A Coruña,15,7.6219
2019,Ni,4,Girona,17,2.5499
2019,Ni,4,Granada,18,4.3024
2019,Ni,4,Guadalajara,19,0.2354
2019,Ni,4,Gipuzkoa,20,2.0242
2019,Ni,4,Huelva,21,2.0484
2019,Ni,4,Jaén,23,6.4014
2019,Ni,4,Lleida,25,1.7939
2019,Ni,4,Lugo,27,8.3
2019,Ni,4,Madrid,28,1.0003
2019,Ni,4,Málaga,29,5.3042
2019,Ni,4,Murcia,30,1.5808
2019,Ni,4,Navarra,31,1.1678
2019,Ni,4,Ourense,32,8.3
2019,Ni,4,Asturias,33,3.2293
2019,Ni,4,Santa Cruz de Tenerife,38,2.551
2019,Ni,4,Cantabria,39,2.369
2019,Ni,4,Sevilla,41,2.9345
2019,Ni,4,Tarragona,43,2.9201
2019,Ni,4,Toledo,45,0.5585
2019,Ni,4,Valencia,46,1.9857
2019,Ni,4,Valladolid,47,1.613
2019,Ni,4,Bizkaia,48,5.6062
2019,PM10,5,Alicante,3,19.2146
2019,PM10,5,Almería,4,21.1915
2019,PM10,5,Badajoz,6,13.6571
2019,PM10,5,Islas Baleares,7,17.1519
2019,PM10,5,Barcelona,8,24.5531
2019,PM10,5,Cáceres,10,11.1573
2019,PM10,5,Cádiz,11,21.2792
2019,PM10,5,Castellón,12,16.9569
2019,PM10,5,Córdoba,14,21.8305
2019,PM10,5,A Coruña,15,6.547
2019,PM10,5,Girona,17,21.2849
2019,PM10,5,Granada,18,24.4141
2019,PM10,5,Guadalajara,19,7.8306
2019,PM10,5,Huelva,21,23.1367
2019,PM10,5,Huesca,22,17.3777
2019,PM10,5,Jaén,23,25.9246
2019,PM10,5,Lleida,25,16.7788
2019,PM10,5,Lugo,27,9.2177
2019,PM10,5,Málaga,29,21.2984
2019,PM10,5,Asturias,33,14.4081
2019,PM10,5,Sevilla,41,22.6352
2019,PM10,5,Tarragona,43,19.5354
2019,PM10,5,Teruel,44,15.0582
2019,PM10,5,Toledo,45,10.496
2019,PM10,5,Valencia,46,19.6899
2019,PM10,5,Zamora,49,7.1465
2019,PM10,5,Zaragoza,50,16.4758
2019,PM25,6,Alicante,3,11.7245
2019,PM25,6,Almería,4,10.4288
2019,PM25,6,Badajoz,6,6.1887
2019,PM25,6,Islas Baleares,7,8.7335
2019,PM25,6,Barcelona,8,14.3393
2019,PM25,6,Burgos,9,7.1378
2019,PM25,6,Cáceres,10,6.8984
2019,PM25,6,Cádiz,11,10.3835
2019,PM25,6,Castellón,12,11.9065
2019,PM25,6,Córdoba,14,9.5699
2019,PM25,6,A Coruña,15,15.6653
2019,PM25,6,Girona,17,9.7588
2019,PM25,6,Granada,18,15.1829
2019,PM25,6,Guadalajara,19,4.2164
2019,PM25,6,Huelva,21,16.0274
2019,PM25,6,Huesca,22,11.0565
2019,PM25,6,Jaén,23,17.1482
2019,PM25,6,León,24,9.8763
2019,PM25,6,Lleida,25,10.4361
2019,PM25,6,La Rioja,26,13.0206
2019,PM25,6,Lugo,27,6.1452
2019,PM25,6,Madrid,28,9.8823
2019,PM25,6,Málaga,29,11.5835
2019,PM25,6,Murcia,30,12.0746
2019,PM25,6,Navarra,31,10.1008
2019,PM25,6,Asturias,33,6.9787
2019,PM25,6,Cantabria,39,9.0517
2019,PM25,6,Sevilla,41,10.8037
2019,PM25,6,Tarragona,43,8.6045
2019,PM25,6,Teruel,44,6.7332
2019,PM25,6,Toledo,45,6.2151
2019,PM25,6,Valencia,46,10.6988
2019,PM25,6,Bizkaia,48,11.4073
2019,PM25,6,Zamora,49,3.9415
2019,PM25,6,Zaragoza,50,10.3165
2019,Pb,7,Álava,1,0.0138
2019,Pb,7,Albacete,2,0.0017
2019,Pb,7,Alicante,3,0.0119
2019,Pb,7,Almería,4,0.0039
2019,Pb,7,Badajoz,6,0.0022
2019,Pb,7,Islas Baleares,7,0.0021
2019,Pb,7,Barcelona,8,0.01
2019,Pb,7,Cáceres,10,0.001
2019,Pb,7,Cádiz,11,0.0052
2019,Pb,7,Castellón,12,0.0102
2019,Pb,7,Ciudad Real,13,0.0032
2019,Pb,7,Córdoba,14,0.0266
2019,Pb,7,A Coruña,15,0.0518
2019,Pb,7,Girona,17,0.0042
2019,Pb,7,Granada,18,0.0023
2019,Pb,7,Guadalajara,19,0.0008
2019,Pb,7,Gipuzkoa,20,0.0102
2019,Pb,7,Huelva,21,0.0079
2019,Pb,7,Jaén,23,0.015
2019,Pb,7,Lleida,25,0.0022
2019,Pb,7,Lugo,27,0.06
2019,Pb,7,Madrid,28,0.0013
2019,Pb,7,Málaga,29,0.0031
2019,Pb,7,Murcia,30,0.016
2019,Pb,7,Navarra,31,0.0032
2019,Pb,7,Ourense,32,0.06
2019,Pb,7,Asturias,33,0.0084
2019,Pb,7,Santa Cruz de Tenerife,38,0.0016
2019,Pb,7,Cantabria,39,0.013
2019,Pb,7,Sevilla,41,0.0048
2019,Pb,7,Tarragona,43,0.0025
2019,Pb,7,Toledo,45,0.0013
2019,Pb,7,Valencia,46,0.0102
2019,Pb,7,Valladolid,47,0.0124
2019,Pb,7,Bizkaia,48,0.0189
2020,As,1,Álava,1,0.3183
2020,As,1,Albacete,2,0.4175
2020,As,1,Alicante,3,0.7493
2020,As,1,Almería,4,0.419
2020,As,1,Badajoz,6,0.4149
2020,As,1,Islas Baleares,7,0.4802
2020,As,1,Barcelona,8,0.9134
2020,As,1,Burgos,9,0.2105
2020,As,1,Cáceres,10,0.2583
2020,As,1,Cádiz,11,0.3506
2020,As,1,Castellón,12,0.4712
2020,As,1,Ciudad Real,13,0.417
2020,As,1,Córdoba,14,0.5209
2020,As,1,A Coruña,15,1.19
2020,As,1,Girona,17,0.5896
2020,As,1,Granada,18,0.288
2020,As,1,Guadalajara,19,0.2449
2020,As,1,Gipuzkoa,20,0.2538
2020,As,1,Huelva,21,2.7693
2020,As,1,Huesca,22,0.5277
2020,As,1,Jaén,23,0.4464
2020,As,1,Lleida,25,0.6106
2020,As,1,Madrid,28,0.2655
2020,As,1,Málaga,29,0.3197
2020,As,1,Murcia,30,0.1318
2020,As,1,Navarra,31,0.2362
2020,As,1,Asturias,33,0.4442
2020,As,1,Pontevedra,36,1.8
2020,As,1,Salamanca,37,0.4458
2020,As,1,Santa Cruz de Tenerife,38,0.3061
2020,As,1,Cantabria,39,0.183
2020,As,1,Segovia,40,0.0953
2020,As,1,Sevilla,41,0.7058
2020,As,1,Soria,42,0.1354
2020,As,1,Tarragona,43,0.5796
2020,As,1,Toledo,45,0.3123
2020,As,1,Valencia,46,0.3013
2020,As,1,Valladolid,47,0.1532
2020,As,1,Bizkaia,48,0.3959
2020,As,1,Zaragoza,50,0.4599
2020,BaP,2,Álava,1,0.0777
2020,BaP,2,Albacete,2,0.0194
2020,BaP,2,Alicante,3,0.0628
2020,BaP,2,Almería,4,0.1059
2020,BaP,2,Badajoz,6,0.0259
2020,BaP,2,Islas Baleares,7,0.0812
2020,BaP,2,Barcelona,8,0.2137
2020,BaP,2,Cáceres,10,0.0269
2020,BaP,2,Cádiz,11,0.091
2020,BaP,2,Castellón,12,0.0656
2020,BaP,2,Ciudad Real,13,0.0643
2020,BaP,2,Córdoba,14,0.1284
2020,BaP,2,A Coruña,15,0.1846
2020,BaP,2,Girona,17,0.3475
2020,BaP,2,Granada,18,0.2225
2020,BaP,2,Guadalajara,19,0.0438
2020,BaP,2,Gipuzkoa,20,0.0764
2020,BaP,2,Huelva,21,0.1059
2020,BaP,2,Huesca,22,0.3661
2020,BaP,2,Jaén,23,0.4201
2020,BaP,2,Lleida,25,0.3084
2020,BaP,2,Madrid,28,0.0706
2020,BaP,2,Málaga,29,0.1208
2020,BaP,2,Murcia,30,0.03
2020,BaP,2,Navarra,31,0.1031
2020,BaP,2,Asturias,33,0.2717
2020,BaP,2,Pontevedra,36,0.1281
2020,BaP,2,Santa Cruz de Tenerife,38,0.3653
2020,BaP,2,Cantabria,39,0.0949
2020,BaP,2,Sevilla,41,0.0985
2020,BaP,2,Tarragona,43,0.155
2020,BaP,2,Toledo,45,0.0354
2020,BaP,2,Valencia,46,0.148
2020,BaP,2,Valladolid,47,0.0581
2020,BaP,2,Bizkaia,48,0.0951
2020,Cd,3,Álava,1,0.2109
2020,Cd,3,Albacete,2,0.0304
2020,Cd,3,Alicante,3,0.0578
2020,Cd,3,Almería,4,0.0588
2020,Cd,3,Badajoz,6,0.0446
2020,Cd,3,Islas Baleares,7,0.1529
2020,Cd,3,Barcelona,8,0.9021
2020,Cd,3,Burgos,9,0.1484
2020,Cd,3,Cáceres,10,0.0281
2020,Cd,3,Cádiz,11,0.2119
2020,Cd,3,Castellón,12,0.1531
2020,Cd,3,Ciudad Real,13,0.0343
2020,Cd,3,Córdoba,14,1.074
2020,Cd,3,A Coruña,15,0.9195
2020,Cd,3,Girona,17,0.1543
2020,Cd,3,Granada,18,0.0459
2020,Cd,3,Guadalajara,19,0.0337
2020,Cd,3,Gipuzkoa,20,0.2317
2020,Cd,3,Huelva,21,0.3107
2020,Cd,3,Huesca,22,0.2669
2020,Cd,3,Jaén,23,0.0812
2020,Cd,3,Lleida,25,0.1617
2020,Cd,3,Madrid,28,0.0633
2020,Cd,3,Málaga,29,0.0625
2020,Cd,3,Murcia,30,0.13
2020,Cd,3,Navarra,31,0.0639
2020,Cd,3,Asturias,33,0.3213
2020,Cd,3,Pontevedra,36,1.4
2020,Cd,3,Salamanca,37,0.1104
2020,Cd,3,Santa Cruz de Tenerife,38,0.18
2020,Cd,3,Cantabria,39,0.5335
2020,Cd,3,Segovia,40,0.0791
2020,Cd,3,Sevilla,41,0.0855
2020,Cd,3,Soria,42,0.0575
2020,Cd,3,Tarragona,43,0.1132
2020,Cd,3,Toledo,45,0.0299
2020,Cd,3,Valencia,46,0.0673
2020,Cd,3,Valladolid,47,0.2366
2020,Cd,3,Bizkaia,48,0.576
2020,Cd,3,Zaragoza,50,0.4609
2020,Ni,4,Álava,1,2.1519
2020,Ni,4,Albacete,2,0.4378
2020,Ni,4,Alicante,3,1.9924
2020,Ni,4,Almería,4,2.9133
2020,Ni,4,Badajoz,6,0.8567
2020,Ni,4,Islas Baleares,7,1.836
2020,Ni,4,Barcelona,8,2.6608
2020,Ni,4,Burgos,9,1.0119
2020,Ni,4,Cáceres,10,0.842
2020,Ni,4,Cádiz,11,5.294
2020,Ni,4,Castellón,12,0.7119
2020,Ni,4,Ciudad Real,13,0.4522
2020,Ni,4,Córdoba,14,2.9698
2020,Ni,4,A Coruña,15,5.7035
2020,Ni,4,Girona,17,2.4123
2020,Ni,4,Granada,18,2.0374
2020,Ni,4,Guadalajara,19,0.4794
2020,Ni,4,Gipuzkoa,20,2.0296
2020,Ni,4,Huelva,21,1.8
2020,Ni,4,Huesca,22,1.8878
2020,Ni,4,Jaén,23,6.9975
2020,Ni,4,Lleida,25,2.2533
2020,Ni,4,Madrid,28,1.1651
2020,Ni,4,Málaga,29,3.1448
2020,Ni,4,Murcia,30,1.5317
2020,Ni,4,Navarra,31,1.3349
2020,Ni,4,Asturias,33,3.0161
2020,Ni,4,Pontevedra,36,8.3
2020,Ni,4,Salamanca,37,0.9336
2020,Ni,4,Santa Cruz de Tenerife,38,2.2708
2020,Ni,4,Cantabria,39,2.6751
2020,Ni,4,Segovia,40,0.6528
2020,Ni,4,Sevilla,41,2.702
2020,Ni,4,Soria,42,1.3468
2020,Ni,4,Tarragona,43,2.4026
2020,Ni,4,Toledo,45,0.5697
2020,Ni,4,Valencia,46,1.2448
2020,Ni,4,Valladolid,47,1.0095
2020,Ni,4,Bizkaia,48,4.9519
2020,Ni,4,Zaragoza,50,5.2094
2020,PM10,5,Álava,1,11.3468
2020,PM10,5,Alicante,3,17.9861
2020,PM10,5,Almería,4,19.5334
2020,PM10,5,Badajoz,6,13.2317
2020,PM10,5,Islas Baleares,7,16.7727
2020,PM10,5,Barcelona,8,21.6109
2020,PM10,5,Cáceres,10,10.8217
2020,PM10,5,Cádiz,11,17.9474
2020,PM10,5,Castellón,12,17.5293
2020,PM10,5,Córdoba,14,20.8901
2020,PM10,5,A Coruña,15,6.7067
2020,PM10,5,Girona,17,18.802
2020,PM10,5,Granada,18,22.9917
2020,PM10,5,Guadalajara,19,8.3798
2020,PM10,5,Gipuzkoa,20,12.4355
2020,PM10,5,Huelva,21,22.0835
2020,PM10,5,Huesca,22,16.277
2020,PM10,5,Jaén,23,26.3935
2020,PM10,5,Lleida,25,16.7974
2020,PM10,5,Lugo,27,9.5352
2020,PM10,5,Málaga,29,19.5692
2020,PM10,5,Asturias,33,16.0645
2020,PM10,5,Sevilla,41,22.6769
2020,PM10,5,Tarragona,43,18.0603
2020,PM10,5,Teruel,44,14.2159
2020,PM10,5,Toledo,45,11.4472
2020,PM10,5,Valencia,46,19.0637
2020,PM10,5,Bizkaia,48,17.5875
2020,PM10,5,Zamora,49,7.7199
2020,PM10,5,Zaragoza,50,12.1989
2020,PM25,6,Alicante,3,14.7463
2020,PM25,6,Almería,4,6.9119
2020,PM25,6,Badajoz,6,7.5868
2020,PM25,6,Islas Baleares,7,7.1057
2020,PM25,6,Barcelona,8,12.0192
2020,PM25,6,Burgos,9,5.8536
2020,PM25,6,Cáceres,10,6.9168
2020,PM25,6,Cádiz,11,6.3953
2020,PM25,6,Castellón,12,14.1429
2020,PM25,6,Córdoba,14,7.8579
2020,PM25,6,A Coruña,15,13.9422
2020,PM25,6,Girona,17,9.4365
2020,PM25,6,Granada,18,11.2694
2020,PM25,6,Guadalajara,19,4.2302
2020,PM25,6,Huelva,21,14.6712
2020,PM25,6,Huesca,22,9.9489
2020,PM25,6,Jaén,23,15.8684
2020,PM25,6,León,24,9.2795
2020,PM25,6,Lleida,25,10.1739
2020,PM25,6,La Rioja,26,6.9695
2020,PM25,6,Lugo,27,6.0029
2020,PM25,6,Madrid,28,10.5212
2020,PM25,6,Málaga,29,8.3172
2020,PM25,6,Murcia,30,12.8992
2020,PM25,6,Navarra,31,11.8495
2020,PM25,6,Asturias,33,6.46
2020,PM25,6,Cantabria,39,10.3318
2020,PM25,6,Sevilla,41,10.1222
2020,PM25,6,Tarragona,43,7.7088
2020,PM25,6,Teruel,44,6.9509
2020,PM25,6,Toledo,45,5.6965
2020,PM25,6,Valencia,46,11.494
2020,PM25,6,Bizkaia,48,10.9919
2020,PM25,6,Zamora,49,3.8328
2020,PM25,6,Zaragoza,50,10.8327
2020,Pb,7,Álava,1,0.012
2020,Pb,7,Albacete,2,0.0006
2020,Pb,7,Alicante,3,0.01
2020,Pb,7,Almería,4,0.0034
2020,Pb,7,Badajoz,6,0.0014
2020,Pb,7,Islas Baleares,7,0.0029
2020,Pb,7,Barcelona,8,0.0095
2020,Pb,7,Burgos,9,0.0022
2020,Pb,7,Cáceres,10,0.0013
2020,Pb,7,Cádiz,11,0.0047
2020,Pb,7,Castellón,12,0.011
2020,Pb,7,Ciudad Real,13,0.0021
2020,Pb,7,Córdoba,14,0.0306
2020,Pb,7,A Coruña,15,0.0392
2020,Pb,7,Girona,17,0.004
2020,Pb,7,Granada,18,0.003
2020,Pb,7,Guadalajara,19,0.0018
2020,Pb,7,Gipuzkoa,20,0.0104
2020,Pb,7,Huelva,21,0.0095
2020,Pb,7,Huesca,22,0.0041
2020,Pb,7,Jaén,23,0.0141
2020,Pb,7,Lleida,25,0.0021
2020,Pb,7,Madrid,28,0.0015
2020,Pb,7,Málaga,29,0.0033
2020,Pb,7,Murcia,30,0.0024
2020,Pb,7,Navarra,31,0.0017
2020,Pb,7,Asturias,33,0.005
2020,Pb,7,Pontevedra,36,0.06
2020,Pb,7,Salamanca,37,0.0021
2020,Pb,7,Santa Cruz de Tenerife,38,0.0019
2020,Pb,7,Cantabria,39,0.0057
2020,Pb,7,Segovia,40,0.0012
2020,Pb,7,Sevilla,41,0.0042
2020,Pb,7,Soria,42,0.0021
2020,Pb,7,Tarragona,43,0.0022
2020,Pb,7,Toledo,45,0.0011
2020,Pb,7,Valencia,46,0.0103
2020,Pb,7,Valladolid,47,0.0229
2020,Pb,7,Bizkaia,48,0.014
2020,Pb,7,Zaragoza,50,0.0055
2021,As,1,Álava,1,0.3303
2021,As,1,Albacete,2,0.3981
2021,As,1,Alicante,3,0.2227
2021,As,1,Almería,4,0.376
2021,As,1,Ávila,5,0.2651
2021,As,1,Badajoz,6,0.3921
2021,As,1,Islas Baleares,7,0.4285
2021,As,1,Barcelona,8,0.8518
2021,As,1,Burgos,9,0.1325
2021,As,1,Cáceres,10,0.1517
2021,As,1,Cádiz,11,0.2771
2021,As,1,Castellón,12,0.5241
2021,As,1,Ciudad Real,13,0.5935
2021,As,1,Córdoba,14,0.4968
2021,As,1,A Coruña,15,0.688
2021,As,1,Girona,17,0.6037
2021,As,1,Granada,18,0.3667
2021,As,1,Guadalajara,19,0.3049
2021,As,1,Gipuzkoa,20,0.2387
2021,As,1,Huelva,21,3.1983
2021,As,1,Jaén,23,0.3167
2021,As,1,León,24,0.2694
2021,As,1,Lleida,25,0.4601
2021,As,1,Lugo,27,1.8
2021,As,1,Madrid,28,0.2222
2021,As,1,Málaga,29,0.2998
2021,As,1,Murcia,30,0.13
2021,As,1,Navarra,31,0.208
2021,As,1,Asturias,33,0.5327
2021,As,1,Palencia,34,0.7954
2021,As,1,Las Palmas,35,0.2111
2021,As,1,Pontevedra,36,1.8
2021,As,1,Cantabria,39,0.2199
2021,As,1,Segovia,40,0.2212
2021,As,1,Sevilla,41,0.6664
2021,As,1,Soria,42,0.2354
2021,As,1,Tarragona,43,0.9916
2021,As,1,Toledo,45,0.3307
2021,As,1,Valencia,46,0.2704
2021,As,1,Valladolid,47,0.2436
2021,As,1,Bizkaia,48,0.5618
2021,As,1,Zamora,49,0.1715
2021,As,1,Zaragoza,50,0.5665
2021,As,1,Ceuta,51,0.5052
2021,BaP,2,Álava,1,0.0614
2021,BaP,2,Albacete,2,0.0184
2021,BaP,2,Alicante,3,0.0836
2021,BaP,2,Almería,4,0.1438
2021,BaP,2,Badajoz,6,0.0226
2021,BaP,2,Islas Baleares,7,0.1045
2021,BaP,2,Barcelona,8,0.2315
2021,BaP,2,Cáceres,10,0.0053
2021,BaP,2,Cádiz,11,0.124
2021,BaP,2,Castellón,12,0.0556
2021,BaP,2,Ciudad Real,13,0.0944
2021,BaP,2,Córdoba,14,0.1152
2021,BaP,2,A Coruña,15,0.1261
2021,BaP,2,Girona,17,0.316
2021,BaP,2,Granada,18,0.2107
2021,BaP,2,Guadalajara,19,0.0223
2021,BaP,2,Gipuzkoa,20,0.0716
2021,BaP,2,Huelva,21,0.1358
2021,BaP,2,Jaén,23,0.7821
2021,BaP,2,Lleida,25,0.3038
2021,BaP,2,Lugo,27,0.1972
2021,BaP,2,Madrid,28,0.0876
2021,BaP,2,Málaga,29,0.1518
2021,BaP,2,Murcia,30,0.03
2021,BaP,2,Navarra,31,0.14
2021,BaP,2,Asturias,33,0.3281
2021,BaP,2,Las Palmas,35,0.364
2021,BaP,2,Pontevedra,36,0.1335
2021,BaP,2,Cantabria,39,0.1224
2021,BaP,2,Sevilla,41,0.1825
2021,BaP,2,Tarragona,43,0.1506
2021,BaP,2,Toledo,45,0.0053
2021,BaP,2,Valencia,46,0.0893
2021,BaP,2,Valladolid,47,0.0606
2021,BaP,2,Bizkaia,48,0.094
2021,BaP,2,Zaragoza,50,0.3717
2021,BaP,2,Ceuta,51,0.1
2021,Cd,3,Álava,1,0.2345
2021,Cd,3,Albacete,2,0.0368
2021,Cd,3,Alicante,3,0.0525
2021,Cd,3,Almería,4,0.1327
2021,Cd,3,Ávila,5,0.0965
2021,Cd,3,Badajoz,6,0.0509
2021,Cd,3,Islas Baleares,7,0.0819
2021,Cd,3,Barcelona,8,0.3532
2021,Cd,3,Burgos,9,0.0773
2021,Cd,3,Cáceres,10,0.0243
2021,Cd,3,Cádiz,11,0.1729
2021,Cd,3,Castellón,12,0.1263
2021,Cd,3,Ciudad Real,13,0.061
2021,Cd,3,Córdoba,14,1.3878
2021,Cd,3,A Coruña,15,0.547
2021,Cd,3,Girona,17,0.1781
2021,Cd,3,Granada,18,0.1277
2021,Cd,3,Guadalajara,19,0.0506
2021,Cd,3,Gipuzkoa,20,0.2239
2021,Cd,3,Huelva,21,0.497
2021,Cd,3,Jaén,23,0.2916
2021,Cd,3,León,24,0.119
2021,Cd,3,Lleida,25,0.0999
2021,Cd,3,Lugo,27,1.4
2021,Cd,3,Madrid,28,0.0521
2021,Cd,3,Málaga,29,0.1936
2021,Cd,3,Murcia,30,0.13
2021,Cd,3,Navarra,31,0.0947
2021,Cd,3,Asturias,33,0.367
2021,Cd,3,Palencia,34,0.0741
2021,Cd,3,Las Palmas,35,0.1825
2021,Cd,3,Pontevedra,36,1.4
2021,Cd,3,Cantabria,39,0.2216
2021,Cd,3,Segovia,40,0.0914
2021,Cd,3,Sevilla,41,0.1817
2021,Cd,3,Soria,42,0.2355
2021,Cd,3,Tarragona,43,0.1291
2021,Cd,3,Toledo,45,0.0324
2021,Cd,3,Valencia,46,0.0627
2021,Cd,3,Valladolid,47,0.1621
2021,Cd,3,Bizkaia,48,0.6921
2021,Cd,3,Zamora,49,0.0672
2021,Cd,3,Zaragoza,50,0.4441
2021,Cd,3,Ceuta,51,0.1303
2021,Ni,4,Álava,1,2.2516
2021,Ni,4,Albacete,2,0.4847
2021,Ni,4,Alicante,3,1.812
2021,Ni,4,Almería,4,2.6895
2021,Ni,4,Ávila,5,1.8487
2021,Ni,4,Badajoz,6,2.2997
2021,Ni,4,Islas Baleares,7,1.5514
2021,Ni,4,Barcelona,8,2.7053
2021,Ni,4,Burgos,9,2.4686
2021,Ni,4,Cáceres,10,2.0757
2021,Ni,4,Cádiz,11,7.8544
2021,Ni,4,Castellón,12,0.7998
2021,Ni,4,Ciudad Real,13,1.2541
2021,Ni,4,Córdoba,14,2.0158
2021,Ni,4,A Coruña,15,3.1012
2021,Ni,4,Girona,17,2.4139
2021,Ni,4,Granada,18,2.173
2021,Ni,4,Guadalajara,19,0.7751
2021,Ni,4,Gipuzkoa,20,2.0403
2021,Ni,4,Huelva,21,2.3401
2021,Ni,4,Jaén,23,3.531
2021,Ni,4,León,24,1.961
2021,Ni,4,Lleida,25,1.7367
2021,Ni,4,Lugo,27,8.3
2021,Ni,4,Madrid,28,1.1038
2021,Ni,4,Málaga,29,2.7009
2021,Ni,4,Murcia,30,1.0484
2021,Ni,4,Navarra,31,0.8586
2021,Ni,4,Asturias,33,2.0412
2021,Ni,4,Palencia,34,2.2967
2021,Ni,4,Las Palmas,35,3.9071
2021,Ni,4,Pontevedra,36,8.3
2021,Ni,4,Cantabria,39,1.441
2021,Ni,4,Segovia,40,1.0774
2021,Ni,4,Sevilla,41,2.5194
2021,Ni,4,Soria,42,1.7443
2021,Ni,4,Tarragona,43,2.4102
2021,Ni,4,Toledo,45,0.5974
2021,Ni,4,Valencia,46,1.2734
2021,Ni,4,Valladolid,47,1.8955
2021,Ni,4,Bizkaia,48,5.088
2021,Ni,4,Zamora,49,1.7032
2021,Ni,4,Zaragoza,50,3.1546
2021,Ni,4,Ceuta,51,6.8432
2021,PM10,5,Álava,1,11.5903
2021,PM10,5,Alicante,3,17.7357
2021,PM10,5,Almería,4,23.1446
2021,PM10,5,Ávila,5,13.4683
2021,PM10,5,Badajoz,6,14.1901
2021,PM10,5,Islas Baleares,7,16.7957
2021,PM10,5,Barcelona,8,22.3085
2021,PM10,5,Burgos,9,9.9169
2021,PM10,5,Cáceres,10,10.9348
2021,PM10,5,Cádiz,11,20.7652
2021,PM10,5,Castellón,12,17.0775
2021,PM10,5,Córdoba,14,21.7353
2021,PM10,5,A Coruña,15,8.8575
2021,PM10,5,Girona,17,19.4824
2021,PM10,5,Granada,18,23.2462
2021,PM10,5,Guadalajara,19,10.0565
2021,PM10,5,Gipuzkoa,20,12.5108
2021,PM10,5,Huelva,21,23.3778
2021,PM10,5,Huesca,22,18.0963
2021,PM10,5,Jaén,23,28.2737
2021,PM10,5,León,24,15.8396
2021,PM10,5,Lleida,25,17.9537
2021,PM10,5,Lugo,27,10.1586
2021,PM10,5,Málaga,29,20.6697
2021,PM10,5,Asturias,33,14.8522
2021,PM10,5,Palencia,34,12.2074
2021,PM10,5,Segovia,40,19.8005
2021,PM10,5,Sevilla,41,25.1946
2021,PM10,5,Soria,42,7.9435
2021,PM10,5,Tarragona,43,16.8323
2021,PM10,5,Teruel,44,15.9673
2021,PM10,5,Toledo,45,13.0672
2021,PM10,5,Valencia,46,17.2705
2021,PM10,5,Valladolid,47,16.2613
2021,PM10,5,Bizkaia,48,18.2621
2021,PM10,5,Zamora,49,9.1712
2021,PM10,5,Zaragoza,50,13.2917
2021,PM25,6,Alicante,3,11.4218
2021,PM25,6,Almería,4,7.1662
2021,PM25,6,Badajoz,6,8.345
2021,PM25,6,Islas Baleares,7,7.533
2021,PM25,6,Barcelona,8,11.821
2021,PM25,6,Burgos,9,6.9511
2021,PM25,6,Cáceres,10,7.3837
2021,PM25,6,Cádiz,11,7.1771
2021,PM25,6,Castellón,12,13.6892
2021,PM25,6,Córdoba,14,9.3106
2021,PM25,6,A Coruña,15,13.1169
2021,PM25,6,Girona,17,9.4658
2021,PM25,6,Granada,18,11.0886
2021,PM25,6,Guadalajara,19,4.8145
2021,PM25,6,Huelva,21,11.4682
2021,PM25,6,Huesca,22,11.0383
2021,PM25,6,Jaén,23,14.8095
2021,PM25,6,León,24,8.7628
2021,PM25,6,Lleida,25,9.7188
2021,PM25,6,La Rioja,26,5.5776
2021,PM25,6,Lugo,27,7.8185
2021,PM25,6,Madrid,28,10.3115
2021,PM25,6,Málaga,29,6.2995
2021,PM25,6,Murcia,30,10.8695
2021,PM25,6,Navarra,31,11.6331
2021,PM25,6,Asturias,33,6.3253
2021,PM25,6,Cantabria,39,8.7481
2021,PM25,6,Sevilla,41,10.4775
2021,PM25,6,Tarragona,43,8.0122
2021,PM25,6,Teruel,44,7.3622
2021,PM25,6,Toledo,45,6.9368
2021,PM25,6,Valencia,46,9.7203
2021,PM25,6,Bizkaia,48,11.2742
2021,PM25,6,Zamora,49,4.3051
2021,PM25,6,Zaragoza,50,10.8091
2021,Pb,7,Álava,1,0.015
2021,Pb,7,Albacete,2,0.0013
2021,Pb,7,Alicante,3,0.0099
2021,Pb,7,Almería,4,0.004
2021,Pb,7,Ávila,5,0.001
2021,Pb,7,Badajoz,6,0.0016
2021,Pb,7,Islas Baleares,7,0.0033
2021,Pb,7,Barcelona,8,0.0102
2021,Pb,7,Burgos,9,0.0028
2021,Pb,7,Cáceres,10,0.001
2021,Pb,7,Cádiz,11,0.005
2021,Pb,7,Castellón,12,0.0105
2021,Pb,7,Ciudad Real,13,0.0031
2021,Pb,7,Córdoba,14,0.0322
2021,Pb,7,A Coruña,15,0.0375
2021,Pb,7,Girona,17,0.0036
2021,Pb,7,Granada,18,0.0036
2021,Pb,7,Guadalajara,19,0.0028
2021,Pb,7,Gipuzkoa,20,0.0103
2021,Pb,7,Huelva,21,0.0151
2021,Pb,7,Jaén,23,0.0095
2021,Pb,7,León,24,0.0022
2021,Pb,7,Lleida,25,0.0018
2021,Pb,7,Lugo,27,0.1
2021,Pb,7,Madrid,28,0.0008
2021,Pb,7,Málaga,29,0.004
2021,Pb,7,Murcia,30,0.0018
2021,Pb,7,Navarra,31,0.0024
2021,Pb,7,Asturias,33,0.0061
2021,Pb,7,Palencia,34,0.0027
2021,Pb,7,Las Palmas,35,0.0014
2021,Pb,7,Pontevedra,36,0.104
2021,Pb,7,Cantabria,39,0.0047
2021,Pb,7,Segovia,40,0.0016
2021,Pb,7,Sevilla,41,0.0057
2021,Pb,7,Soria,42,0.0021
2021,Pb,7,Tarragona,43,0.0023
2021,Pb,7,Toledo,45,0.0016
2021,Pb,7,Valencia,46,0.0099
2021,Pb,7,Valladolid,47,0.023
2021,Pb,7,Bizkaia,48,0.02
2021,Pb,7,Zamora,49,0.0018
2021,Pb,7,Zaragoza,50,0.0045
2021,Pb,7,Ceuta,51,0.02
